Time,VAS,VVS,CA,ANT,NAE,ANC,PRP,IFP,VG,CNA,VTS,HM,AUH,POT,ARM,CPP,PVS,BFN,BFM,PA,QLO,NID,AHM,AU,STH2NID,VP,VB,RBF,RFN,VUD,TVD,NOD,ANM,VGD,NID2,HR,SVO,AAR,EVR,GFR,RSM,RVG,DLP,ANP,AUM,RR,GLP,PFL,VAE,RSN,QAO,VIF,VEC,VTW,NED
1,0.85209,3.263,0.00355,15,2130,0.99996,210,11.996,11.397,141.89,11.994,40,0.99396,7.9937,0.99701,69.903,3.753,2.7864,1.0263,100.59,5.0173,0.1,0.98707,0.97986,1,3.0042,5.0042,1.204,1.204,0.0012817,0.00089265,0.12775,1.0042,-0.0037302,0.1,71.372,0.070297,31.937,51.61,0.12634,94.355,0.72955,0.0070955,0.9901,0.98288,83.547,62.138,16.176,0.35709,34.754,5.0167,0.59705,15.011,40.012,-0.02775
1441,0.85043,3.2624,0.00355,15,2124.2,1.0063,207.99,12.128,11.369,141.98,11.962,40,1.0037,7.9706,0.94612,69.643,3.7393,2.8114,1.0077,100.12,5.0174,0.1,0.98882,1.0124,1,2.9865,4.9879,1.1983,1.1983,0.00097396,0.00099271,0.09665,1.006,1.8837e-05,0.1,72.629,0.069082,31.946,51.61,0.12485,95.65,0.73221,0.007218,1.0043,1.0106,83.555,61.843,15.986,0.35543,34.282,5.0174,0.59313,14.961,39.966,0.0033504
2881,0.85017,3.2646,0.00355,15,2125.9,1.0052,207.86,12.113,11.378,142,11.971,40,1.0017,7.9761,0.9493,69.569,3.7442,2.815,1.009,100.05,5.0221,0.1,0.99177,1.0056,1,2.9879,4.9911,1.1981,1.1981,0.0010061,0.0010053,0.099937,1.0057,2.3078e-07,0.1,72.368,0.069396,31.893,51.61,0.12502,95.448,0.73127,0.0072526,1.0047,1.0048,83.503,61.835,16.008,0.35517,34.211,5.0221,0.59361,14.972,39.973,6.2801e-05
4321,0.84996,3.2653,0.00355,15,2125.8,1.0043,207.89,12.132,11.377,142,11.971,40,1.0011,7.9781,0.94937,69.591,3.7459,2.8167,1.0091,99.989,5.0241,0.1,0.99255,1.0036,1,2.9873,4.992,1.1983,1.1983,0.0010077,0.0010067,0.10006,1.0054,-7.3536e-08,0.1,72.291,0.069498,31.83,51.61,0.12504,95.375,0.73093,0.0072422,1.0042,1.0031,83.44,61.846,16.01,0.35496,34.169,5.0241,0.5935,14.971,39.972,-6.2246e-05
5761,0.84982,3.2658,0.00355,15,2125.7,1.0035,207.91,12.15,11.377,142,11.971,40,1.0007,7.9795,0.94931,69.616,3.7473,2.8181,1.0092,99.949,5.0259,0.1,0.99305,1.0023,1,2.9866,4.9926,1.1985,1.1985,0.0010077,0.0010069,0.10005,1.0052,1.114e-09,0.1,72.242,0.06957,31.783,51.61,0.12504,95.325,0.73066,0.0072305,1.0037,1.002,83.393,61.857,16.01,0.35482,34.137,5.0259,0.59343,14.97,39.97,-5.3791e-05
7201,0.84973,3.2662,0.00355,15,2125.7,1.0028,207.94,12.167,11.377,142,11.971,40,1.0004,7.9806,0.94929,69.641,3.7485,2.8194,1.0093,99.924,5.0274,0.1,0.99345,1.0013,1,2.9858,4.9931,1.1987,1.1987,0.0010078,0.001007,0.10006,1.005,1.4323e-08,0.1,72.206,0.069626,31.748,51.61,0.12504,95.287,0.73043,0.0072187,1.0032,1.0011,83.358,61.867,16.011,0.35473,34.112,5.0274,0.59338,14.969,39.969,-5.6633e-05
8641,0.84968,3.2665,0.00355,15,2125.6,1.0022,207.96,12.184,11.377,142,11.971,40,1.0002,7.9815,0.9493,69.666,3.7495,2.8205,1.0095,99.909,5.0289,0.1,0.99376,1.0007,1,2.9851,4.9936,1.1989,1.1989,0.0010077,0.001007,0.10006,1.0048,2.0599e-08,0.1,72.181,0.06967,31.722,51.61,0.12504,95.26,0.73024,0.007207,1.0027,1.0006,83.332,61.877,16.011,0.35468,34.093,5.0289,0.59333,14.968,39.968,-6.025e-05
10081,0.84965,3.2668,0.00355,15,2125.5,1.0016,207.98,12.2,11.377,142.01,11.971,40,1.0001,7.9822,0.94934,69.691,3.7503,2.8215,1.0096,99.902,5.0302,0.1,0.99401,1.0002,1,2.9844,4.994,1.1991,1.1991,0.0010076,0.0010069,0.10006,1.0046,2.3072e-08,0.1,72.164,0.069705,31.703,51.61,0.12504,95.239,0.73007,0.0071954,1.0022,1.0002,83.312,61.887,16.011,0.35465,34.079,5.0302,0.59329,14.968,39.967,-6.3612e-05
11521,0.84965,3.267,0.00355,15,2125.4,1.001,208,12.215,11.377,142.01,11.971,40,0.99996,7.9828,0.9494,69.714,3.7511,2.8223,1.0097,99.901,5.0314,0.1,0.9942,0.99987,1,2.9836,4.9943,1.1993,1.1993,0.0010074,0.0010068,0.10007,1.0045,2.1245e-08,0.1,72.152,0.069733,31.688,51.61,0.12504,95.223,0.72992,0.0071842,1.0017,0.99989,83.298,61.896,16.011,0.35465,34.068,5.0314,0.59326,14.967,39.966,-6.9142e-05
12961,0.84965,3.2671,0.00355,15,2125.3,1.0005,208.02,12.229,11.378,142.01,11.971,40,0.9999,7.9833,0.94948,69.737,3.7518,2.8231,1.0099,99.903,5.0324,0.1,0.99435,0.99965,1,2.9828,4.9946,1.1995,1.1995,0.0010072,0.0010066,0.10007,1.0044,2.0904e-08,0.1,72.144,0.069755,31.678,51.61,0.12504,95.212,0.72979,0.0071735,1.0013,0.9997,83.288,61.905,16.01,0.35465,34.059,5.0324,0.59323,14.966,39.965,-7.0868e-05
14401,0.84967,3.2672,0.00355,15,2125.2,1.0001,208.03,12.243,11.378,142.01,11.971,40,0.99985,7.9837,0.94956,69.759,3.7523,2.8237,1.01,99.907,5.0333,0.1,0.99447,0.99951,1,2.9821,4.9948,1.1997,1.1997,0.001007,0.0010064,0.10007,1.0042,1.8801e-08,0.1,72.14,0.069772,31.67,51.61,0.12504,95.204,0.72968,0.0071632,1.0009,0.99958,83.28,61.914,16.01,0.35467,34.053,5.0333,0.5932,14.965,39.965,-7.2169e-05
15841,0.84969,3.2673,0.00355,15,2125.1,0.99968,208.04,12.256,11.378,142.01,11.971,40,0.99983,7.984,0.94966,69.78,3.7528,2.8243,1.0101,99.913,5.0342,0.1,0.99456,0.99942,1,2.9813,4.995,1.1998,1.1998,0.0010068,0.0010062,0.10007,1.0041,1.5837e-08,0.1,72.137,0.069787,31.664,51.61,0.12504,95.197,0.72959,0.0071534,1.0005,0.99951,83.274,61.922,16.01,0.35469,34.048,5.0342,0.59317,14.965,39.964,-7.3334e-05
17281,0.84972,3.2674,0.00355,15,2125,0.99929,208.04,12.268,11.378,142.01,11.971,40,0.99981,7.9842,0.94977,69.8,3.7532,2.8247,1.0102,99.92,5.0349,0.1,0.99463,0.99938,1,2.9806,4.9952,1.2,1.2,0.0010065,0.001006,0.10007,1.004,1.2723e-08,0.1,72.136,0.069798,31.66,51.61,0.12504,95.193,0.7295,0.0071441,1.0001,0.99947,83.27,61.93,16.01,0.35472,34.045,5.0349,0.59314,14.964,39.963,-7.4282e-05
18721,0.84974,3.2675,0.00355,15,2124.9,0.99892,208.04,12.28,11.378,142.01,11.971,40,0.99981,7.9844,0.94988,69.818,3.7536,2.8252,1.0104,99.928,5.0356,0.1,0.99468,0.99936,1,2.9798,4.9954,1.2001,1.2001,0.0010063,0.0010057,0.10008,1.0039,9.6773e-09,0.1,72.135,0.069808,31.657,51.61,0.12503,95.189,0.72943,0.0071354,0.99976,0.99946,83.267,61.937,16.01,0.35474,34.042,5.0356,0.59311,14.963,39.962,-7.502e-05
20160,0.84977,3.2675,0.00355,15,2124.6,0.99873,208.04,12.291,11.377,142,11.97,40,0.99982,7.9846,0.94998,69.837,3.7538,2.8254,1.0104,99.936,5.036,0.07503,0.99393,0.99939,1,2.979,4.9955,1.2002,1.2002,0.0010065,0.00099725,0.10009,1.0038,-4.08e-05,0.07503,72.137,0.069813,31.654,51.61,0.12503,95.19,0.72939,0.0071266,0.99942,0.99948,83.264,61.944,16.009,0.35477,34.042,5.036,0.59303,14.962,39.961,-0.025059
20520,0.84771,3.2473,0.00355,15,2110.9,1.0222,207.42,12.491,11.342,141.78,11.932,40,1.0175,7.9362,0.89682,70.451,3.7024,2.7911,0.98786,99.354,4.9788,0.04,0.94576,1.0582,1,2.9442,4.9613,1.1998,1.1998,0.00061345,0.00057417,0.058903,1.0106,-2.9366e-05,0.04,74.368,0.066948,31.198,51.61,0.12295,96.828,0.73952,0.0068382,1.0005,1.0495,82.808,61.922,15.742,0.35271,34.27,4.9788,0.59016,14.889,39.93,-0.018903
20880,0.84608,3.2382,0.00355,15,2107.9,1.0322,206.59,12.554,11.344,141.71,11.935,40,1.0251,7.9143,0.87102,70.58,3.6826,2.7769,0.97746,98.897,4.953,0.04,0.9339,1.0838,1,2.9271,4.9455,1.1986,1.1986,0.00043361,0.00045517,0.040925,1.0135,2.8877e-05,0.04,75.342,0.06574,30.9,51.61,0.12206,97.411,0.74351,0.0067772,1.0035,1.0713,82.51,61.86,15.628,0.35108,34.288,4.953,0.59091,14.874,39.928,-0.00092546
21240,0.84493,3.2367,0.00355,15,2108.7,1.0369,205.97,12.538,11.355,141.7,11.947,40,1.0262,7.9096,0.86277,70.495,3.6789,2.772,0.97374,98.572,4.9432,0.04,0.93013,1.0872,1,2.9218,4.9416,1.1974,1.1974,0.00038682,0.00041018,0.036235,1.0148,2.8731e-05,0.04,75.466,0.065502,30.711,51.61,0.12184,97.453,0.74424,0.0068172,1.0065,1.0742,82.321,61.798,15.6,0.34993,34.232,4.9432,0.59188,14.882,39.938,0.003765
21600,0.84409,3.238,0.00355,15,2109.9,1.0381,205.57,12.513,11.363,141.71,11.956,40,1.0241,7.913,0.86311,70.368,3.6782,2.7714,0.97321,98.336,4.9412,0.04,0.93016,1.0805,1,2.9213,4.9426,1.1966,1.1966,0.0003975,0.00040656,0.037133,1.0152,1.5541e-05,0.04,75.202,0.065706,30.57,51.61,0.12191,97.263,0.74439,0.0068772,1.0086,1.0684,82.18,61.756,15.609,0.34909,34.155,4.9412,0.59219,14.889,39.944,0.0028673
21960,0.84336,3.2396,0.00355,15,2110.7,1.0381,205.29,12.497,11.367,141.72,11.959,40,1.0219,7.9173,0.86473,70.267,3.678,2.7714,0.97323,98.13,4.9407,0.04,0.93108,1.0729,1,2.9216,4.9442,1.1961,1.1961,0.00041378,0.00041353,0.03859,1.0152,6.3395e-06,0.04,74.906,0.065959,30.435,51.61,0.122,97.05,0.74443,0.0069243,1.0099,1.0619,82.045,61.729,15.622,0.34836,34.081,4.9407,0.59214,14.893,39.945,0.00141
22320,0.84269,3.2409,0.00355,15,2111,1.038,205.08,12.491,11.368,141.73,11.96,40,1.0199,7.9209,0.86591,70.197,3.6778,2.7713,0.97315,97.94,4.9402,0.04,0.93191,1.0664,1,2.9215,4.9455,1.1957,1.1957,0.0004247,0.00041997,0.039544,1.0152,1.5607e-06,0.04,74.655,0.066174,30.301,51.61,0.12207,96.863,0.74447,0.0069574,1.0109,1.0564,81.911,61.709,15.63,0.34769,34.013,4.9402,0.59192,14.894,39.944,0.00045552
22680,0.84204,3.242,0.00355,15,2111.1,1.038,204.91,12.49,11.369,141.74,11.96,40,1.0184,7.9235,0.86626,70.147,3.6783,2.7709,0.9728,97.759,4.9391,0.04,0.93248,1.0614,1,2.9212,4.9464,1.1954,1.1954,0.00042879,0.0004241,0.039853,1.0152,5.8282e-07,0.04,74.46,0.066332,30.171,51.61,0.12211,96.711,0.74436,0.006981,1.0116,1.0522,81.781,61.694,15.635,0.34704,33.953,4.9391,0.5917,14.894,39.942,0.00014722
23040,0.84145,3.2431,0.00355,15,2111.1,1.038,204.77,12.491,11.369,141.75,11.96,40,1.0171,7.9259,0.86647,70.106,3.6791,2.7705,0.97245,97.59,4.938,0.04,0.93286,1.0569,1,2.9209,4.9473,1.1951,1.1951,0.00043158,0.00042609,0.040039,1.0152,-5.1814e-07,0.04,74.286,0.066474,30.047,51.61,0.12213,96.572,0.74421,0.0070004,1.0123,1.0484,81.657,61.68,15.638,0.34645,33.897,4.938,0.59147,14.894,39.94,-3.9049e-05
23400,0.84089,3.2441,0.00355,15,2111.1,1.0379,204.64,12.493,11.368,141.75,11.96,40,1.0158,7.928,0.86663,70.071,3.6798,2.7701,0.97211,97.434,4.9371,0.04,0.93322,1.0528,1,2.9205,4.9481,1.1949,1.1949,0.00043375,0.0004279,0.040172,1.0152,-1.1228e-06,0.04,74.126,0.066605,29.93,51.61,0.12216,96.443,0.74406,0.0070168,1.0128,1.0449,81.54,61.669,15.641,0.34589,33.845,4.9371,0.59124,14.893,39.938,-0.00017235
23760,0.84037,3.245,0.00355,15,2111,1.0379,204.53,12.496,11.368,141.76,11.959,40,1.0147,7.9299,0.86673,70.041,3.6805,2.7697,0.97179,97.288,4.9363,0.04,0.93354,1.0491,1,2.9201,4.9488,1.1947,1.1947,0.00043522,0.00042937,0.040245,1.0151,-1.3574e-06,0.04,73.98,0.066724,29.821,51.61,0.12218,96.325,0.74393,0.0070308,1.0133,1.0417,81.431,61.66,15.643,0.34537,33.796,4.9363,0.59101,14.892,39.936,-0.00024528
24120,0.83989,3.2458,0.00355,15,2110.9,1.0378,204.42,12.499,11.368,141.76,11.958,40,1.0137,7.9317,0.86677,70.015,3.681,2.7694,0.97147,97.152,4.9354,0.04,0.93382,1.0457,1,2.9196,4.9494,1.1946,1.1946,0.00043621,0.00043055,0.040277,1.0151,-1.3859e-06,0.04,73.847,0.066833,29.719,51.61,0.12219,96.217,0.74381,0.0070431,1.0137,1.0388,81.329,61.651,15.645,0.34489,33.751,4.9354,0.59079,14.89,39.934,-0.00027659
24480,0.83944,3.2465,0.00355,15,2110.8,1.0378,204.32,12.503,11.367,141.77,11.958,40,1.0128,7.9333,0.86678,69.991,3.6816,2.7691,0.97116,97.026,4.9347,0.04,0.93407,1.0425,1,2.9192,4.95,1.1944,1.1944,0.00043691,0.00043151,0.040285,1.0151,-1.3215e-06,0.04,73.725,0.066934,29.623,51.61,0.1222,96.116,0.7437,0.007054,1.0141,1.0362,81.233,61.644,15.647,0.34444,33.709,4.9347,0.59059,14.889,39.932,-0.00028505
24840,0.83902,3.2472,0.00355,15,2110.7,1.0377,204.22,12.507,11.367,141.77,11.957,40,1.0119,7.9349,0.86677,69.971,3.6821,2.7688,0.97088,96.908,4.934,0.04,0.9343,1.0396,1,2.9187,4.9506,1.1943,1.1943,0.00043745,0.00043232,0.040283,1.0151,-1.2262e-06,0.04,73.611,0.067028,29.534,51.61,0.12221,96.022,0.7436,0.0070638,1.0144,1.0337,81.144,61.637,15.648,0.34402,33.67,4.934,0.5904,14.888,39.93,-0.00028309
25200,0.83863,3.2479,0.00355,15,2110.6,1.0377,204.13,12.511,11.366,141.77,11.956,40,1.0111,7.9363,0.86676,69.952,3.6826,2.7686,0.97061,96.798,4.9334,0.04,0.93451,1.0369,1,2.9182,4.9511,1.1942,1.1942,0.00043791,0.00043304,0.040277,1.0151,-1.128e-06,0.04,73.506,0.067115,29.45,51.61,0.12222,95.935,0.74349,0.0070727,1.0148,1.0314,81.06,61.63,15.65,0.34363,33.633,4.9334,0.59023,14.887,39.929,-0.00027735
25560,0.83827,3.2485,0.00355,15,2110.5,1.0377,204.05,12.515,11.366,141.78,11.956,40,1.0103,7.9376,0.86674,69.935,3.6831,2.7684,0.97036,96.696,4.9328,0.04,0.93471,1.0344,1,2.9177,4.9516,1.194,1.194,0.00043832,0.00043369,0.040271,1.0151,-1.037e-06,0.04,73.408,0.067197,29.372,51.61,0.12223,95.854,0.74339,0.0070806,1.015,1.0292,80.982,61.625,15.651,0.34327,33.598,4.9328,0.59006,14.886,39.927,-0.00027085
25920,0.83793,3.2491,0.00355,15,2110.4,1.0376,203.97,12.519,11.365,141.78,11.955,40,1.0096,7.9388,0.86673,69.92,3.6836,2.7682,0.97013,96.601,4.9323,0.04,0.93489,1.0321,1,2.9172,4.9521,1.194,1.194,0.00043869,0.00043428,0.040265,1.0151,-9.5522e-07,0.04,73.317,0.067274,29.299,51.61,0.12224,95.778,0.7433,0.0070878,1.0153,1.0273,80.909,61.62,15.652,0.34293,33.566,4.9323,0.58991,14.885,39.925,-0.00026467
26280,0.83762,3.2496,0.00355,15,2110.3,1.0375,203.9,12.523,11.365,141.78,11.955,40,1.009,7.94,0.86671,69.906,3.6841,2.7681,0.96992,96.512,4.9319,0.04,0.93507,1.0299,1,2.9168,4.9525,1.1939,1.1939,0.00043903,0.00043481,0.040259,1.0151,-8.8177e-07,0.04,73.232,0.067346,29.23,51.61,0.12225,95.707,0.7432,0.0070943,1.0155,1.0254,80.84,61.615,15.653,0.34262,33.535,4.9319,0.58977,14.884,39.924,-0.00025907
26640,0.83733,3.2501,0.00355,15,2110.2,1.0375,203.83,12.527,11.365,141.79,11.954,40,1.0084,7.9411,0.8667,69.894,3.6845,2.768,0.96973,96.43,4.9315,0.04,0.93523,1.0278,1,2.9163,4.953,1.1938,1.1938,0.00043934,0.00043531,0.040254,1.015,-8.1529e-07,0.04,73.153,0.067413,29.167,51.61,0.12226,95.641,0.74311,0.0071,1.0157,1.0237,80.777,61.611,15.654,0.34233,33.507,4.9315,0.58964,14.883,39.922,-0.00025402
27000,0.83705,3.2506,0.00355,15,2110.1,1.0374,203.76,12.531,11.364,141.79,11.954,40,1.0078,7.9421,0.86668,69.883,3.685,2.7679,0.96955,96.353,4.9311,0.04,0.93539,1.0259,1,2.9158,4.9534,1.1937,1.1937,0.00043963,0.00043575,0.040249,1.015,-7.5459e-07,0.04,73.08,0.067476,29.107,51.61,0.12226,95.579,0.74302,0.0071051,1.0159,1.022,80.717,61.608,15.655,0.34205,33.48,4.9311,0.58952,14.882,39.921,-0.00024942
27360,0.8368,3.251,0.00355,15,2110,1.0374,203.7,12.535,11.364,141.79,11.954,40,1.0073,7.9431,0.86667,69.873,3.6854,2.7678,0.96938,96.282,4.9308,0.04,0.93553,1.0242,1,2.9153,4.9538,1.1937,1.1937,0.00043989,0.00043617,0.040245,1.015,-6.988e-07,0.04,73.011,0.067536,29.051,51.61,0.12227,95.521,0.74293,0.0071097,1.016,1.0205,80.661,61.605,15.655,0.3418,33.455,4.9308,0.5894,14.881,39.919,-0.0002452
27720,0.83656,3.2514,0.00355,15,2109.9,1.0373,203.64,12.539,11.364,141.79,11.953,40,1.0068,7.944,0.86665,69.864,3.6858,2.7677,0.96923,96.215,4.9306,0.04,0.93567,1.0225,1,2.9148,4.9541,1.1936,1.1936,0.00044012,0.00043654,0.040241,1.015,-6.4732e-07,0.04,72.947,0.067591,28.999,51.61,0.12227,95.466,0.74285,0.0071137,1.0162,1.0191,80.609,61.602,15.656,0.34156,33.431,4.9306,0.5893,14.881,39.918,-0.00024128
28080,0.83634,3.2518,0.00355,15,2109.9,1.0372,203.59,12.544,11.364,141.79,11.953,40,1.0063,7.9449,0.86664,69.857,3.6862,2.7677,0.96909,96.153,4.9303,0.04,0.93579,1.021,1,2.9143,4.9545,1.1936,1.1936,0.00044033,0.00043688,0.040238,1.015,-5.9972e-07,0.04,72.887,0.067643,28.95,51.61,0.12228,95.416,0.74277,0.0071172,1.0163,1.0178,80.56,61.6,15.657,0.34134,33.409,4.9303,0.5892,14.88,39.917,-0.00023765
28440,0.83614,3.2522,0.00355,15,2109.8,1.0371,203.53,12.548,11.364,141.8,11.953,40,1.0059,7.9457,0.86663,69.851,3.6866,2.7677,0.96896,96.095,4.9301,0.04,0.93591,1.0195,1,2.9138,4.9548,1.1935,1.1935,0.00044053,0.00043719,0.040234,1.0149,-5.5566e-07,0.04,72.832,0.067692,28.904,51.61,0.12228,95.368,0.74268,0.0071202,1.0164,1.0166,80.514,61.598,15.657,0.34114,33.389,4.9301,0.58911,14.879,39.916,-0.00023428
28800,0.83595,3.2525,0.00355,15,2109.7,1.037,203.48,12.552,11.363,141.8,11.952,40,1.0055,7.9464,0.86662,69.845,3.687,2.7676,0.96884,96.041,4.93,0.04,0.93603,1.0182,1,2.9133,4.9552,1.1935,1.1935,0.0004407,0.00043747,0.040231,1.0149,-5.1486e-07,0.04,72.78,0.067738,28.861,51.61,0.12229,95.324,0.74261,0.0071228,1.0165,1.0155,80.471,61.596,15.658,0.34095,33.369,4.93,0.58902,14.878,39.914,-0.00023116
29160,0.83577,3.2529,0.00355,15,2109.6,1.0369,203.43,12.556,11.363,141.8,11.952,40,1.0051,7.9471,0.86661,69.84,3.6874,2.7676,0.96874,95.991,4.9298,0.04,0.93613,1.017,1,2.9128,4.9555,1.1935,1.1935,0.00044085,0.00043773,0.040228,1.0149,-4.7706e-07,0.04,72.732,0.067781,28.821,51.61,0.12229,95.282,0.74253,0.0071251,1.0165,1.0144,80.431,61.594,15.658,0.34077,33.351,4.9298,0.58894,14.877,39.913,-0.00022826
29520,0.8356,3.2532,0.00355,15,2109.5,1.0369,203.39,12.56,11.363,141.8,11.952,40,1.0047,7.9478,0.8666,69.836,3.6878,2.7676,0.96864,95.944,4.9297,0.04,0.93623,1.0158,1,2.9124,4.9558,1.1934,1.1934,0.00044098,0.00043796,0.040226,1.0149,-4.4205e-07,0.04,72.687,0.067821,28.783,51.61,0.12229,95.244,0.74245,0.0071269,1.0166,1.0134,80.393,61.593,15.659,0.3406,33.334,4.9297,0.58886,14.877,39.912,-0.00022559
29880,0.83545,3.2535,0.00355,15,2109.4,1.0368,203.35,12.565,11.363,141.8,11.952,40,1.0044,7.9484,0.86659,69.833,3.6881,2.7677,0.96854,95.901,4.9296,0.04,0.93632,1.0147,1,2.9119,4.9561,1.1934,1.1934,0.0004411,0.00043817,0.040223,1.0148,-4.096e-07,0.04,72.645,0.067859,28.748,51.61,0.1223,95.207,0.74238,0.0071284,1.0166,1.0125,80.358,61.592,15.659,0.34045,33.318,4.9296,0.58879,14.876,39.911,-0.00022311
30240,0.8353,3.2537,0.00355,15,2109.7,1.0364,203.3,12.569,11.363,141.82,11.952,40,1.0041,7.949,0.8666,69.829,3.6887,2.7679,0.96853,95.861,4.9298,0.10706,0.93786,1.0136,1,2.9115,4.9564,1.1934,1.1934,0.00044026,0.00045586,0.040161,1.0147,9.1319e-05,0.10706,72.605,0.0679,28.716,51.61,0.1223,95.167,0.74227,0.0071304,1.0167,1.0116,80.326,61.591,15.66,0.3403,33.3,4.9298,0.58883,14.876,39.91,0.066896
30240,0.8353,3.2537,0.00355,15,2109.7,1.0364,203.3,12.569,11.363,141.82,11.952,40,1.0041,7.949,0.8666,69.829,3.6887,2.7679,0.96853,95.861,4.9298,0.10706,0.93786,1.0136,1,2.9115,4.9564,1.1934,1.1934,0.00044026,0.00045586,0.040161,1.0147,9.1319e-05,0.10706,72.605,0.0679,28.716,51.61,0.1223,95.167,0.74227,0.0071304,1.0167,1.0116,80.326,61.591,15.66,0.3403,33.3,4.9298,0.58883,14.876,39.91,0.066896
30600,0.84159,3.2979,0.00355,15,2143.9,0.97606,204.82,12.089,11.46,142.36,12.058,40,0.96849,8.0564,0.99,68.516,3.8135,2.8568,1.0241,97.63,5.0768,0.1875,1.0899,0.89496,1,2.9894,5.0343,1.1959,1.1959,0.0013848,0.0014688,0.13833,0.99725,0.00011246,0.1875,68.135,0.074512,30.029,51.61,0.12741,91.606,0.71798,0.0077476,1.0104,0.91072,81.639,61.72,16.313,0.34659,32.84,5.0768,0.59807,15.06,39.994,0.049166
30960,0.84573,3.3134,0.00355,15,2152.1,0.94063,206.83,11.964,11.462,142.59,12.061,40,0.95939,8.0908,1.0432,68.504,3.8638,2.8932,1.0502,98.796,5.1439,0.1875,1.1588,0.86464,1,3.0193,5.0639,1.2005,1.2005,0.0017488,0.0016472,0.18419,0.98694,-6.3235e-05,0.1875,67.023,0.076749,30.685,51.61,0.12931,90.393,0.70864,0.0077533,0.99874,0.88494,82.295,61.958,16.557,0.35073,32.812,5.1439,0.59808,15.092,39.983,0.0033113
31320,0.84804,3.3172,0.00355,15,2150.2,0.92331,208.32,12.018,11.433,142.68,12.028,40,0.95828,8.0982,1.0631,68.786,3.8797,2.9044,1.0604,99.448,5.1686,0.1875,1.1865,0.86092,1,3.0285,5.0728,1.2039,1.2039,0.0018384,0.0017394,0.19818,0.98189,-8.7452e-05,0.1875,66.901,0.077257,30.998,51.61,0.12977,90.128,0.70572,0.0076205,0.99043,0.88179,82.608,62.131,16.616,0.35304,32.905,5.1686,0.59561,15.07,39.944,-0.01068
31680,0.84959,3.3164,0.00355,15,2145.9,0.9187,209.21,12.102,11.405,142.68,11.998,40,0.95997,8.0953,1.0687,69.061,3.8808,2.9046,1.0632,99.886,5.1737,0.1875,1.1873,0.86656,1,3.0294,5.0734,1.2059,1.2059,0.0018352,0.0017783,0.1992,0.98055,-6.486e-05,0.1875,67.124,0.077077,31.223,51.61,0.12973,90.298,0.70552,0.0074914,0.98547,0.88657,82.833,62.235,16.611,0.35459,33.053,5.1737,0.59339,15.04,39.916,-0.011697
32040,0.85082,3.3139,0.00355,15,2142.2,0.92007,209.68,12.17,11.387,142.64,11.979,40,0.96251,8.089,1.0687,69.262,3.8765,2.901,1.0632,100.23,5.1712,0.1875,1.1771,0.87503,1,3.0273,5.071,1.207,1.207,0.0018079,0.0017846,0.19627,0.98095,-3.766e-05,0.1875,67.449,0.076669,31.434,51.61,0.12955,90.625,0.70632,0.0073968,0.98276,0.89378,83.044,62.292,16.587,0.35582,33.214,5.1712,0.59204,15.019,39.902,-0.0087724
32400,0.85191,3.3112,0.00355,15,2139.6,0.92329,209.89,12.215,11.377,142.59,11.968,40,0.96513,8.0822,1.0673,69.396,3.871,2.8969,1.0626,100.54,5.167,0.1875,1.1648,0.88376,1,3.0246,5.068,1.2075,1.2075,0.0017804,0.0017771,0.19304,0.98189,-1.755e-05,0.1875,67.783,0.076228,31.648,51.61,0.12936,90.976,0.70732,0.0073338,0.98136,0.90119,83.258,62.321,16.563,0.35691,33.369,5.167,0.59142,15.005,39.898,-0.0055401
32760,0.85293,3.3087,0.00355,15,2138.1,0.92656,209.99,12.241,11.373,142.55,11.964,40,0.96754,8.0761,1.0659,69.483,3.866,2.8933,1.062,100.83,5.1632,0.1875,1.1539,0.89181,1,3.0221,5.0652,1.2079,1.2079,0.0017597,0.0017666,0.19065,0.98284,-5.4769e-06,0.1875,68.091,0.075827,31.866,51.61,0.12921,91.302,0.70823,0.0072928,0.98062,0.90804,83.476,62.337,16.544,0.35793,33.512,5.1632,0.59129,14.999,39.899,-0.0031494
33120,0.85392,3.3065,0.00355,15,2137.2,0.92931,210.03,12.255,11.372,142.52,11.964,40,0.9697,8.0708,1.0651,69.543,3.8619,2.8906,1.0617,101.11,5.1604,0.1875,1.1451,0.899,1,3.0201,5.0629,1.208,1.208,0.0017461,0.0017571,0.1892,0.98364,6.5238e-07,0.1875,68.367,0.075481,32.083,51.61,0.1291,91.591,0.70898,0.0072646,0.98015,0.91415,83.693,62.347,16.53,0.35892,33.641,5.1604,0.59142,14.996,39.902,-0.001702
33480,0.85488,3.3046,0.00355,15,2136.8,0.9315,210.06,12.262,11.373,142.49,11.965,40,0.97163,8.0662,1.0648,69.589,3.8586,2.8886,1.0617,101.38,5.1585,0.1875,1.138,0.90543,1,3.0186,5.0611,1.2082,1.2082,0.0017376,0.0017495,0.18844,0.98428,3.169e-06,0.1875,68.614,0.075182,32.296,51.61,0.12902,91.847,0.70958,0.007243,0.97977,0.91962,83.906,62.355,16.519,0.35988,33.759,5.1585,0.59167,14.996,39.906,-0.00093949
33840,0.8558,3.3029,0.00355,15,2136.5,0.93324,210.09,12.267,11.374,142.47,11.966,40,0.97339,8.0622,1.0648,69.629,3.8559,2.8871,1.0619,101.63,5.1574,0.1875,1.1321,0.91128,1,3.0174,5.0596,1.2084,1.2084,0.0017321,0.0017433,0.18808,0.98479,3.8369e-06,0.1875,68.839,0.074919,32.5,51.61,0.12895,92.078,0.71007,0.0072244,0.9794,0.92459,84.11,62.363,16.512,0.3608,33.868,5.1574,0.59196,14.996,39.91,-0.00058049
34200,0.85668,3.3014,0.00355,15,2136.3,0.93464,210.13,12.27,11.376,142.45,11.968,40,0.97501,8.0586,1.065,69.666,3.8537,2.8859,1.0622,101.88,5.1566,0.1875,1.1271,0.91669,1,3.0163,5.0582,1.2085,1.2085,0.001728,0.0017382,0.18792,0.9852,3.7287e-06,0.1875,69.048,0.074682,32.694,51.61,0.1289,92.288,0.71049,0.0072072,0.97903,0.92919,84.304,62.371,16.505,0.36168,33.968,5.1566,0.59225,14.997,39.914,-0.00042355
34560,0.85751,3.3,0.00355,15,2136.2,0.93581,210.18,12.272,11.377,142.44,11.97,40,0.97653,8.0553,1.0652,69.701,3.8516,2.885,1.0625,102.12,5.1561,0.1875,1.1227,0.92175,1,3.0154,5.057,1.2087,1.2087,0.0017245,0.0017337,0.18785,0.98554,3.3892e-06,0.1875,69.243,0.074465,32.876,51.61,0.12886,92.483,0.71087,0.0071906,0.97864,0.93349,84.486,62.379,16.499,0.36251,34.061,5.1561,0.59253,14.998,39.918,-0.00035227
34920,0.8583,3.2987,0.00355,15,2136.1,0.9368,210.23,12.275,11.378,142.42,11.971,40,0.97796,8.0523,1.0654,69.735,3.8498,2.8842,1.0628,102.34,5.1558,0.1875,1.1187,0.92652,1,3.0146,5.0559,1.2088,1.2088,0.0017213,0.0017296,0.18781,0.98583,3.0443e-06,0.1875,69.427,0.074263,33.048,51.61,0.12881,92.665,0.7112,0.0071745,0.97826,0.93754,84.658,62.387,16.493,0.3633,34.147,5.1558,0.5928,14.998,39.921,-0.00031019
35280,0.85904,3.2975,0.00355,15,2136,0.93766,210.27,12.277,11.379,142.41,11.972,40,0.9793,8.0495,1.0656,69.768,3.8482,2.8835,1.0632,102.55,5.1557,0.1875,1.1151,0.93101,1,3.0139,5.0549,1.209,1.209,0.0017182,0.0017258,0.18777,0.98608,2.7605e-06,0.1875,69.6,0.074076,33.21,51.61,0.12877,92.834,0.71151,0.0071589,0.97788,0.94136,84.82,62.395,16.488,0.36404,34.228,5.1557,0.59305,14.999,39.924,-0.00027492
35640,0.85973,3.2963,0.00355,15,2135.9,0.93841,210.32,12.279,11.38,142.4,11.973,40,0.98058,8.0468,1.0657,69.8,3.8466,2.883,1.0635,102.74,5.1556,0.1875,1.1119,0.93525,1,3.0132,5.054,1.2091,1.2091,0.0017152,0.0017222,0.18774,0.98629,2.5386e-06,0.1875,69.764,0.0739,33.362,51.61,0.12873,92.993,0.71179,0.0071439,0.97752,0.94496,84.972,62.403,16.483,0.36473,34.303,5.1556,0.59329,14.999,39.926,-0.00024016
36000,0.86039,3.2952,0.00355,15,2135.8,0.93907,210.37,12.281,11.381,142.39,11.975,40,0.98178,8.0443,1.0659,69.831,3.8452,2.8825,1.0638,102.93,5.1556,0.1875,1.1089,0.93925,1,3.0126,5.0531,1.2093,1.2093,0.0017124,0.0017187,0.18771,0.98649,2.3616e-06,0.1875,69.919,0.073737,33.504,51.61,0.1287,93.142,0.71205,0.0071297,0.97717,0.94836,85.114,62.411,16.478,0.36539,34.373,5.1556,0.59352,15,39.929,-0.00020572
36360,0.86101,3.2942,0.00355,15,2135.7,0.93965,210.42,12.283,11.382,142.38,11.976,40,0.98291,8.042,1.066,69.859,3.8439,2.8821,1.064,103.1,5.1556,0.1875,1.1062,0.94302,1,3.0121,5.0522,1.2094,1.2094,0.0017096,0.0017155,0.18767,0.98666,2.213e-06,0.1875,70.064,0.073584,33.638,51.61,0.12866,93.282,0.71229,0.0071161,0.97683,0.95157,85.248,62.418,16.474,0.36601,34.438,5.1556,0.59374,15,39.931,-0.00017284
36720,0.86159,3.2933,0.00355,15,2135.7,0.94016,210.47,12.284,11.383,142.37,11.977,40,0.98397,8.0399,1.0661,69.887,3.8427,2.8818,1.0643,103.26,5.1557,0.1875,1.1038,0.94657,1,3.0116,5.0514,1.2095,1.2095,0.001707,0.0017125,0.18764,0.9868,2.0816e-06,0.1875,70.201,0.073442,33.764,51.61,0.12863,93.413,0.71251,0.0071032,0.97651,0.95459,85.374,62.425,16.47,0.36659,34.499,5.1557,0.59395,15.001,39.933,-0.00014253
37080,0.86213,3.2924,0.00355,15,2135.6,0.94061,210.52,12.285,11.383,142.36,11.978,40,0.98497,8.0379,1.0662,69.913,3.8416,2.8816,1.0646,103.42,5.1559,0.1875,1.1015,0.94991,1,3.0111,5.0507,1.2097,1.2097,0.0017045,0.0017096,0.18762,0.98694,1.961e-06,0.1875,70.33,0.073309,33.882,51.61,0.1286,93.535,0.71272,0.007091,0.97621,0.95743,85.492,62.431,16.466,0.36713,34.556,5.1559,0.59415,15.001,39.935,-0.00011525
37440,0.86265,3.2916,0.00355,15,2135.6,0.94102,210.56,12.286,11.384,142.36,11.978,40,0.98592,8.036,1.0662,69.937,3.8406,2.8814,1.0648,103.56,5.156,0.1875,1.0994,0.95305,1,3.0107,5.05,1.2098,1.2098,0.0017021,0.001707,0.18759,0.98705,1.8482e-06,0.1875,70.452,0.073185,33.993,51.61,0.12857,93.649,0.71291,0.0070795,0.97592,0.9601,85.603,62.437,16.462,0.36765,34.609,5.156,0.59434,15.002,39.937,-9.104e-05
37800,0.86313,3.2908,0.00355,15,2135.6,0.94138,210.61,12.287,11.385,142.35,11.979,40,0.9868,8.0343,1.0663,69.96,3.8397,2.8813,1.0651,103.7,5.1562,0.1875,1.0976,0.95601,1,3.0104,5.0493,1.2099,1.2099,0.0016999,0.0017045,0.18757,0.98716,1.7418e-06,0.1875,70.566,0.07307,34.098,51.61,0.12854,93.757,0.71308,0.0070687,0.97565,0.96261,85.708,62.443,16.459,0.36813,34.658,5.1562,0.59452,15.002,39.938,-6.9676e-05
38160,0.86358,3.2901,0.00355,15,2135.5,0.9417,210.65,12.287,11.385,142.35,11.98,40,0.98763,8.0327,1.0664,69.982,3.8388,2.8812,1.0653,103.83,5.1565,0.1875,1.0958,0.95878,1,3.01,5.0487,1.21,1.21,0.0016978,0.0017022,0.18755,0.98725,1.6411e-06,0.1875,70.673,0.072962,34.196,51.61,0.12852,93.857,0.71325,0.0070585,0.9754,0.96496,85.806,62.448,16.456,0.36858,34.704,5.1565,0.59469,15.003,39.94,-5.0858e-05
38520,0.864,3.2894,0.00355,15,2135.5,0.94198,210.69,12.288,11.386,142.34,11.981,40,0.98842,8.0312,1.0664,70.002,3.838,2.8811,1.0655,103.94,5.1567,0.1875,1.0942,0.96138,1,3.0098,5.0482,1.2101,1.2101,0.0016959,0.0017,0.18753,0.98734,1.5459e-06,0.1875,70.774,0.072862,34.287,51.61,0.1285,93.951,0.7134,0.007049,0.97515,0.96718,85.897,62.454,16.453,0.369,34.746,5.1567,0.59486,15.003,39.941,-3.4271e-05
38880,0.8644,3.2887,0.00355,15,2135.5,0.94224,210.73,12.288,11.386,142.34,11.981,40,0.98915,8.0298,1.0664,70.021,3.8372,2.881,1.0657,104.06,5.157,0.1875,1.0928,0.96383,1,3.0095,5.0476,1.2102,1.2102,0.0016941,0.0016979,0.18752,0.98741,1.456e-06,0.1875,70.868,0.072769,34.374,51.61,0.12847,94.039,0.71354,0.00704,0.97493,0.96925,85.984,62.458,16.45,0.3694,34.786,5.157,0.59501,15.003,39.943,-1.9629e-05
39240,0.86478,3.2881,0.00355,15,2135.5,0.94247,210.77,12.288,11.387,142.33,11.982,40,0.98984,8.0285,1.0665,70.039,3.8365,2.881,1.0659,104.16,5.1573,0.1875,1.0914,0.96612,1,3.0093,5.0471,1.2103,1.2103,0.0016924,0.0016961,0.18751,0.98748,1.3711e-06,0.1875,70.957,0.072682,34.455,51.61,0.12845,94.121,0.71367,0.0070316,0.97471,0.9712,86.065,62.463,16.447,0.36978,34.823,5.1573,0.59516,15.004,39.944,-6.6841e-06
39600,0.86513,3.2876,0.00355,15,2135.5,0.94268,210.81,12.288,11.387,142.33,11.983,40,0.99048,8.0273,1.0665,70.056,3.8358,2.881,1.0661,104.26,5.1575,0.1875,1.0902,0.96827,1,3.0091,5.0466,1.2104,1.2104,0.0016908,0.0016943,0.1875,0.98754,1.291e-06,0.1875,71.04,0.072601,34.531,51.61,0.12843,94.197,0.71379,0.0070238,0.97451,0.97303,86.141,62.467,16.445,0.37013,34.858,5.1575,0.5953,15.004,39.946,4.7768e-06
39960,0.86546,3.2871,0.00355,15,2135.5,0.94287,210.84,12.288,11.388,142.32,11.983,40,0.99109,8.0261,1.0665,70.071,3.8352,2.8811,1.0663,104.36,5.1578,0.1875,1.089,0.97029,1,3.0089,5.0462,1.2104,1.2104,0.0016894,0.0016927,0.18749,0.98759,1.2154e-06,0.1875,71.118,0.072525,34.602,51.61,0.12842,94.269,0.71391,0.0070165,0.97432,0.97475,86.212,62.471,16.443,0.37046,34.89,5.1578,0.59544,15.005,39.947,1.4934e-05
40320,0.86577,3.2866,0.00355,15,2135.5,0.94303,210.88,12.287,11.388,142.32,11.984,40,0.99165,8.0251,1.0666,70.086,3.8347,2.8811,1.0665,104.44,5.1581,0.1875,1.088,0.97218,1,3.0088,5.0458,1.2105,1.2105,0.001688,0.0016912,0.18748,0.98764,1.1442e-06,0.1875,71.191,0.072455,34.669,51.61,0.1284,94.337,0.71401,0.0070096,0.97415,0.97635,86.279,62.475,16.441,0.37077,34.92,5.1581,0.59557,15.005,39.948,2.3941e-05
40320,0.86577,3.2866,0.00355,15,2135.5,0.94303,210.88,12.287,11.388,142.32,11.984,40,0.99165,8.0251,1.0666,70.086,3.8347,2.8811,1.0665,104.44,5.1581,0.1875,1.088,0.97218,1,3.0088,5.0458,1.2105,1.2105,0.001688,0.0016912,0.18748,0.98764,1.1442e-06,0.1875,71.191,0.072455,34.669,51.61,0.1284,94.337,0.71401,0.0070096,0.97415,0.97635,86.279,62.475,16.441,0.37077,34.92,5.1581,0.59557,15.005,39.948,2.3941e-05
50400,0.86972,3.2804,0.00355,15,2136.3,0.94481,211.44,12.251,11.394,142.28,11.991,40,0.99862,8.0131,1.0671,70.234,3.8266,2.8836,1.0691,105.55,5.1639,0.1875,1.077,0.99541,1,3.0105,5.0397,1.2113,1.2113,0.0016754,0.0016767,0.18741,0.98816,2.1696e-07,0.1875,72.08,0.071642,35.534,51.61,0.12824,95.157,0.71551,0.00694,0.97233,0.9961,87.144,62.514,16.42,0.37472,35.278,5.1639,0.5974,15.014,39.967,9.0665e-05
60480,0.87053,3.279,0.00355,15,2137.2,0.94525,211.69,12.207,11.395,142.28,11.993,40,0.99966,8.0118,1.0682,70.209,3.8231,2.885,1.07,105.78,5.1661,0.1875,1.0764,0.99887,1,3.0152,5.0372,1.2112,1.2112,0.0016797,0.0016807,0.18742,0.98829,5.583e-08,0.1875,72.201,0.071552,35.732,51.61,0.12827,95.289,0.71617,0.0069519,0.97261,0.99904,87.342,62.508,16.424,0.37553,35.342,5.1661,0.59789,15.021,39.978,8.3456e-05
70560,0.87088,3.2785,0.00355,15,2138,0.94546,211.92,12.172,11.395,142.28,11.993,40,0.99982,8.0118,1.0695,70.168,3.8205,2.8857,1.0707,105.88,5.1674,0.1875,1.077,0.99939,1,3.0202,5.0356,1.211,1.211,0.0016861,0.0016869,0.18742,0.98835,2.8722e-08,0.1875,72.21,0.07156,35.824,51.61,0.12833,95.318,0.71667,0.0069711,0.97305,0.99949,87.434,62.498,16.431,0.37588,35.368,5.1674,0.59812,15.026,39.987,8.0551e-05
80640,0.87114,3.2781,0.00355,15,2138.8,0.94551,212.17,12.146,11.396,142.29,11.994,40,0.99985,8.012,1.0708,70.134,3.8184,2.8862,1.0714,105.95,5.1684,0.1875,1.0778,0.99949,1,3.0251,5.0343,1.2108,1.2108,0.0016921,0.0016929,0.18742,0.98836,2.1038e-08,0.1875,72.204,0.071581,35.895,51.61,0.12838,95.329,0.71706,0.0069869,0.97337,0.99956,87.505,62.492,16.438,0.37614,35.388,5.1684,0.59826,15.032,39.995,7.8885e-05
90720,0.87138,3.2779,0.00355,15,2139.6,0.94544,212.44,12.127,11.396,142.29,11.994,40,0.99986,8.0122,1.0722,70.109,3.8167,2.8867,1.0721,106.02,5.1695,0.1875,1.0785,0.99952,1,3.0301,5.0333,1.2108,1.2108,0.0016976,0.0016984,0.18742,0.98834,1.7161e-08,0.1875,72.197,0.071603,35.957,51.61,0.12843,95.337,0.71738,0.0069987,0.97355,0.99959,87.567,62.488,16.444,0.37638,35.406,5.1695,0.59838,15.037,40.003,7.7225e-05
1.008e+05,0.87161,3.2776,0.00355,15,2140.3,0.9453,212.73,12.112,11.396,142.29,11.994,40,0.99986,8.0124,1.0735,70.091,3.8153,2.8871,1.0727,106.09,5.1706,0.1875,1.0792,0.99955,1,3.035,5.0324,1.2107,1.2107,0.0017026,0.0017034,0.18742,0.9883,1.4445e-08,0.1875,72.191,0.071623,36.013,51.61,0.12847,95.344,0.71763,0.0070072,0.97363,0.99961,87.623,62.486,16.45,0.37661,35.424,5.1706,0.59847,15.042,40.01,7.5378e-05
1.1088e+05,0.87183,3.2774,0.00355,15,2141.1,0.9451,213.03,12.101,11.396,142.29,11.995,40,0.99987,8.0125,1.0747,70.078,3.8143,2.8876,1.0733,106.15,5.1716,0.1875,1.0798,0.99957,1,3.0399,5.0317,1.2107,1.2107,0.0017072,0.0017079,0.18743,0.98825,1.1449e-08,0.1875,72.187,0.071642,36.064,51.61,0.12851,95.349,0.71783,0.0070133,0.97363,0.99963,87.674,62.486,16.455,0.37683,35.44,5.1716,0.59854,15.047,40.018,7.2928e-05
1.2096e+05,0.87204,3.2773,0.00355,15,2141.8,0.94487,213.33,12.093,11.396,142.29,11.995,40,0.99988,8.0127,1.0759,70.069,3.8135,2.888,1.0739,106.21,5.1726,0.1875,1.0804,0.99959,1,3.0445,5.0312,1.2108,1.2108,0.0017114,0.0017121,0.18743,0.98818,9.7713e-09,0.1875,72.183,0.07166,36.111,51.61,0.12855,95.352,0.71798,0.0070175,0.97359,0.99966,87.721,62.487,16.459,0.37704,35.455,5.1726,0.5986,15.052,40.025,6.9689e-05
1.3104e+05,0.87224,3.2772,0.00355,15,2142.5,0.94461,213.63,12.087,11.396,142.3,11.995,40,0.99989,8.0129,1.077,70.063,3.8128,2.8884,1.0744,106.26,5.1736,0.1875,1.0809,0.99962,1,3.049,5.0308,1.2108,1.2108,0.0017152,0.0017158,0.18743,0.9881,8.4429e-09,0.1875,72.18,0.071677,36.154,51.61,0.12858,95.356,0.71811,0.0070203,0.9735,0.99968,87.764,62.489,16.464,0.37724,35.47,5.1736,0.59864,15.057,40.031,6.648e-05
1.4112e+05,0.87242,3.2771,0.00355,15,2143.1,0.94434,213.92,12.083,11.396,142.3,11.995,40,0.99989,8.013,1.0781,70.06,3.8123,2.8888,1.0749,106.32,5.1746,0.1875,1.0814,0.99964,1,3.0533,5.0304,1.2108,1.2108,0.0017187,0.0017193,0.18744,0.98802,7.38e-09,0.1875,72.177,0.071692,36.193,51.61,0.12861,95.358,0.7182,0.007022,0.97338,0.9997,87.803,62.491,16.468,0.37742,35.483,5.1746,0.59868,15.061,40.038,6.3326e-05
1.512e+05,0.87259,3.277,0.00355,15,2143.8,0.94406,214.2,12.08,11.396,142.3,11.995,40,0.9999,8.0132,1.0791,70.058,3.8119,2.8892,1.0754,106.36,5.1755,0.1875,1.0818,0.99966,1,3.0575,5.0302,1.2109,1.2109,0.001722,0.0017225,0.18744,0.98794,6.5179e-09,0.1875,72.176,0.071707,36.23,51.61,0.12864,95.36,0.71827,0.0070229,0.97325,0.99971,87.84,62.494,16.471,0.37759,35.496,5.1755,0.59871,15.065,40.044,6.0247e-05
1.6128e+05,0.87276,3.277,0.00355,15,2144.4,0.94379,214.47,12.078,11.397,142.3,11.995,40,0.99991,8.0133,1.08,70.057,3.8116,2.8895,1.0759,106.41,5.1763,0.1875,1.0823,0.99969,1,3.0614,5.03,1.211,1.211,0.0017249,0.0017255,0.18744,0.98786,5.8084e-09,0.1875,72.174,0.07172,36.263,51.61,0.12866,95.362,0.71833,0.0070232,0.97311,0.99973,87.873,62.497,16.474,0.37776,35.507,5.1763,0.59874,15.069,40.049,5.7253e-05
1.7136e+05,0.87291,3.2769,0.00355,15,2144.9,0.94352,214.73,12.076,11.397,142.3,11.995,40,0.99991,8.0135,1.0809,70.057,3.8114,2.8898,1.0763,106.45,5.1771,0.1875,1.0827,0.99971,1,3.0651,5.0298,1.211,1.211,0.0017277,0.0017282,0.18745,0.98778,5.2157e-09,0.1875,72.173,0.071733,36.294,51.61,0.12869,95.364,0.71837,0.0070231,0.97297,0.99975,87.904,62.5,16.477,0.37791,35.518,5.1771,0.59876,15.073,40.054,5.4357e-05
1.8144e+05,0.87305,3.2769,0.00355,15,2145.5,0.94326,214.98,12.075,11.397,142.3,11.995,40,0.99992,8.0136,1.0818,70.058,3.8112,2.8901,1.0767,106.49,5.1779,0.1875,1.083,0.99973,1,3.0687,5.0297,1.2111,1.2111,0.0017303,0.0017307,0.18745,0.98771,4.7134e-09,0.1875,72.172,0.071744,36.323,51.61,0.12871,95.365,0.7184,0.0070228,0.97282,0.99977,87.933,62.503,16.48,0.37805,35.529,5.1779,0.59879,15.077,40.059,5.1563e-05
1.9152e+05,0.87318,3.2769,0.00355,15,2146,0.94301,215.22,12.075,11.397,142.31,11.995,40,0.99992,8.0137,1.0825,70.059,3.8111,2.8904,1.0771,106.53,5.1786,0.1875,1.0833,0.99974,1,3.072,5.0296,1.2111,1.2111,0.0017326,0.0017331,0.18745,0.98764,4.2815e-09,0.1875,72.171,0.071755,36.349,51.61,0.12873,95.366,0.71842,0.0070222,0.97268,0.99978,87.959,62.506,16.483,0.37818,35.538,5.1786,0.5988,15.08,40.064,4.8876e-05
2.016e+05,0.8733,3.2769,0.00355,15,2146.4,0.94278,215.45,12.075,11.397,142.31,11.996,40,0.99993,8.0138,1.0833,70.061,3.811,2.8906,1.0775,106.56,5.1793,0.1875,1.0837,0.99976,1,3.0752,5.0295,1.2112,1.2112,0.0017348,0.0017352,0.18745,0.98757,3.9053e-09,0.1875,72.171,0.071765,36.374,51.61,0.12875,95.367,0.71844,0.0070216,0.97254,0.9998,87.983,62.509,16.485,0.3783,35.547,5.1793,0.59882,15.083,40.069,4.6299e-05
2.1168e+05,0.87342,3.2769,0.00355,15,2146.9,0.94255,215.67,12.075,11.397,142.31,11.996,40,0.99993,8.0139,1.0839,70.062,3.811,2.8909,1.0778,106.6,5.1799,0.1875,1.0839,0.99978,1,3.0783,5.0295,1.2112,1.2112,0.0017368,0.0017373,0.18746,0.9875,3.5738e-09,0.1875,72.17,0.071774,36.396,51.61,0.12877,95.367,0.71845,0.0070208,0.97241,0.99981,88.006,62.512,16.487,0.37842,35.555,5.1799,0.59883,15.086,40.073,4.3833e-05
2.2176e+05,0.87353,3.2769,0.00355,15,2147.3,0.94234,215.88,12.075,11.397,142.31,11.996,40,0.99994,8.014,1.0846,70.064,3.811,2.8911,1.0781,106.63,5.1805,0.1875,1.0842,0.99979,1,3.0812,5.0295,1.2113,1.2113,0.0017387,0.0017391,0.18746,0.98744,3.2787e-09,0.1875,72.17,0.071782,36.417,51.61,0.12878,95.368,0.71845,0.00702,0.97228,0.99982,88.027,62.515,16.489,0.37853,35.563,5.1805,0.59885,15.089,40.077,4.1478e-05
2.3184e+05,0.87363,3.2768,0.00355,15,2147.7,0.94214,216.07,12.075,11.397,142.31,11.996,40,0.99994,8.0141,1.0852,70.066,3.811,2.8913,1.0784,106.66,5.1811,0.1875,1.0845,0.99981,1,3.0839,5.0294,1.2113,1.2113,0.0017405,0.0017409,0.18746,0.98738,3.0137e-09,0.1875,72.17,0.07179,36.437,51.61,0.1288,95.368,0.71845,0.0070191,0.97215,0.99984,88.047,62.518,16.491,0.37863,35.57,5.1811,0.59886,15.092,40.08,3.9231e-05
2.4192e+05,0.87372,3.2768,0.00355,15,2148.1,0.94195,216.26,12.075,11.397,142.31,11.996,40,0.99995,8.0141,1.0857,70.068,3.811,2.8915,1.0787,106.68,5.1816,0.1875,1.0847,0.99982,1,3.0865,5.0294,1.2114,1.2114,0.0017421,0.0017425,0.18746,0.98733,2.7741e-09,0.1875,72.169,0.071798,36.455,51.61,0.12881,95.369,0.71845,0.0070182,0.97204,0.99985,88.065,62.52,16.493,0.37872,35.577,5.1816,0.59887,15.095,40.084,3.7091e-05
2.52e+05,0.87381,3.2768,0.00355,15,2148.5,0.94177,216.44,12.075,11.397,142.31,11.996,40,0.99995,8.0142,1.0862,70.069,3.811,2.8917,1.0789,106.71,5.1821,0.1875,1.0849,0.99983,1,3.0889,5.0294,1.2114,1.2114,0.0017436,0.001744,0.18746,0.98727,2.5562e-09,0.1875,72.169,0.071804,36.472,51.61,0.12882,95.369,0.71845,0.0070174,0.97193,0.99986,88.082,62.523,16.495,0.37881,35.583,5.1821,0.59888,15.097,40.087,3.5056e-05
2.6208e+05,0.87389,3.2769,0.00355,15,2148.8,0.9416,216.6,12.076,11.397,142.31,11.996,40,0.99995,8.0143,1.0867,70.071,3.811,2.8919,1.0792,106.73,5.1825,0.1875,1.0851,0.99984,1,3.0912,5.0294,1.2115,1.2115,0.001745,0.0017453,0.18747,0.98722,2.3572e-09,0.1875,72.169,0.071811,36.488,51.61,0.12884,95.369,0.71844,0.0070165,0.97182,0.99987,88.098,62.525,16.496,0.37889,35.589,5.1825,0.59889,15.1,40.09,3.3122e-05
2.7216e+05,0.87396,3.2769,0.00355,15,2149.2,0.94144,216.76,12.076,11.397,142.31,11.996,40,0.99996,8.0143,1.0872,70.073,3.8111,2.892,1.0794,106.75,5.1829,0.1875,1.0853,0.99985,1,3.0934,5.0294,1.2115,1.2115,0.0017464,0.0017466,0.18747,0.98718,2.1747e-09,0.1875,72.169,0.071817,36.502,51.61,0.12885,95.37,0.71844,0.0070157,0.97172,0.99988,88.112,62.527,16.498,0.37896,35.594,5.1829,0.59889,15.102,40.093,3.1287e-05
2.8224e+05,0.87404,3.2769,0.00355,15,2149.5,0.94129,216.91,12.077,11.397,142.31,11.996,40,0.99996,8.0144,1.0876,70.075,3.8111,2.8922,1.0796,106.77,5.1833,0.1875,1.0855,0.99986,1,3.0955,5.0295,1.2116,1.2116,0.0017476,0.0017478,0.18747,0.98714,2.0069e-09,0.1875,72.169,0.071822,36.516,51.61,0.12886,95.37,0.71843,0.0070149,0.97163,0.99989,88.126,62.529,16.499,0.37904,35.599,5.1833,0.5989,15.104,40.096,2.9546e-05
2.9232e+05,0.8741,3.2769,0.00355,15,2149.7,0.94115,217.05,12.077,11.397,142.31,11.996,40,0.99996,8.0145,1.088,70.076,3.8111,2.8923,1.0798,106.79,5.1837,0.1875,1.0856,0.99987,1,3.0974,5.0295,1.2116,1.2116,0.0017487,0.001749,0.18747,0.98709,1.8524e-09,0.1875,72.169,0.071827,36.529,51.61,0.12887,95.37,0.71842,0.0070141,0.97154,0.99989,88.139,62.531,16.5,0.3791,35.604,5.1837,0.59891,15.106,40.099,2.7896e-05
3.024e+05,0.87416,3.2769,0.00355,15,2150,0.94102,217.19,12.077,11.397,142.31,11.996,40,0.99996,8.0145,1.0884,70.078,3.8112,2.8924,1.08,106.81,5.184,0.1875,1.0858,0.99988,1,3.0992,5.0295,1.2116,1.2116,0.0017498,0.00175,0.18747,0.98706,1.7098e-09,0.1875,72.169,0.071832,36.54,51.61,0.12888,95.37,0.71841,0.0070134,0.97146,0.9999,88.15,62.533,16.502,0.37916,35.608,5.184,0.59891,15.108,40.101,2.6333e-05
3.1248e+05,0.87422,3.2769,0.00355,15,2150.3,0.9409,217.31,12.078,11.397,142.31,11.996,40,0.99997,8.0146,1.0887,70.079,3.8112,2.8926,1.0801,106.82,5.1844,0.1875,1.0859,0.99989,1,3.101,5.0295,1.2117,1.2117,0.0017508,0.001751,0.18748,0.98702,1.5782e-09,0.1875,72.169,0.071836,36.551,51.61,0.12889,95.37,0.7184,0.0070127,0.97138,0.99991,88.161,62.534,16.503,0.37922,35.612,5.1844,0.59892,15.109,40.103,2.4854e-05
3.2256e+05,0.87427,3.2769,0.00355,15,2150.5,0.94079,217.43,12.078,11.397,142.31,11.996,40,0.99997,8.0146,1.089,70.081,3.8113,2.8927,1.0803,106.84,5.1847,0.1875,1.0861,0.9999,1,3.1026,5.0295,1.2117,1.2117,0.0017517,0.0017519,0.18748,0.98699,1.4565e-09,0.1875,72.169,0.07184,36.562,51.61,0.12889,95.371,0.71839,0.007012,0.9713,0.99991,88.172,62.536,16.504,0.37927,35.616,5.1847,0.59892,15.111,40.106,2.3455e-05
3.3264e+05,0.87432,3.2769,0.00355,15,2150.8,0.94068,217.55,12.079,11.397,142.31,11.996,40,0.99997,8.0147,1.0893,70.082,3.8113,2.8928,1.0804,106.85,5.1849,0.1875,1.0862,0.9999,1,3.1042,5.0296,1.2117,1.2117,0.0017525,0.0017527,0.18748,0.98696,1.344e-09,0.1875,72.169,0.071844,36.571,51.61,0.1289,95.371,0.71838,0.0070114,0.97124,0.99992,88.181,62.537,16.505,0.37932,35.62,5.1849,0.59893,15.113,40.108,2.2131e-05
3.4272e+05,0.87437,3.2769,0.00355,15,2151,0.94058,217.65,12.079,11.397,142.32,11.996,40,0.99997,8.0147,1.0896,70.083,3.8114,2.8929,1.0806,106.86,5.1852,0.1875,1.0863,0.99991,1,3.1056,5.0296,1.2118,1.2118,0.0017533,0.0017535,0.18748,0.98693,1.24e-09,0.1875,72.169,0.071848,36.58,51.61,0.12891,95.371,0.71838,0.0070108,0.97117,0.99992,88.19,62.539,16.505,0.37937,35.623,5.1852,0.59893,15.114,40.11,2.088e-05
3.528e+05,0.87441,3.2769,0.00355,15,2151.2,0.94048,217.75,12.079,11.397,142.32,11.996,40,0.99998,8.0147,1.0899,70.085,3.8114,2.893,1.0807,106.88,5.1854,0.1875,1.0864,0.99992,1,3.107,5.0296,1.2118,1.2118,0.0017541,0.0017543,0.18748,0.9869,1.1438e-09,0.1875,72.169,0.071851,36.588,51.61,0.12891,95.371,0.71837,0.0070102,0.97111,0.99993,88.198,62.54,16.506,0.37941,35.626,5.1854,0.59894,15.116,40.111,1.9697e-05
3.6288e+05,0.87445,3.2769,0.00355,15,2151.4,0.9404,217.85,12.08,11.397,142.32,11.996,40,0.99998,8.0148,1.0901,70.086,3.8115,2.8931,1.0808,106.89,5.1857,0.1875,1.0865,0.99992,1,3.1083,5.0296,1.2118,1.2118,0.0017548,0.0017549,0.18748,0.98687,1.0549e-09,0.1875,72.169,0.071854,36.596,51.61,0.12892,95.371,0.71836,0.0070096,0.97105,0.99993,88.206,62.541,16.507,0.37945,35.629,5.1857,0.59894,15.117,40.113,1.858e-05
3.7296e+05,0.87449,3.2769,0.00355,15,2151.5,0.94031,217.94,12.08,11.397,142.32,11.996,40,0.99998,8.0148,1.0903,70.087,3.8115,2.8931,1.0809,106.9,5.1859,0.1875,1.0866,0.99993,1,3.1096,5.0297,1.2118,1.2118,0.0017554,0.0017556,0.18748,0.98685,9.7262e-10,0.1875,72.17,0.071857,36.603,51.61,0.12892,95.371,0.71835,0.0070091,0.971,0.99994,88.213,62.542,16.508,0.37949,35.632,5.1859,0.59894,15.118,40.115,1.7525e-05
3.8304e+05,0.87453,3.2769,0.00355,15,2151.7,0.94024,218.02,12.08,11.397,142.32,11.996,40,0.99998,8.0148,1.0905,70.088,3.8115,2.8932,1.081,106.91,5.1861,0.1875,1.0867,0.99993,1,3.1107,5.0297,1.2119,1.2119,0.001756,0.0017562,0.18748,0.98683,8.9657e-10,0.1875,72.17,0.07186,36.61,51.61,0.12893,95.371,0.71834,0.0070086,0.97095,0.99994,88.22,62.544,16.508,0.37953,35.634,5.1861,0.59895,15.119,40.116,1.6529e-05
