Time,VAS,VVS,NID,CA,NAE,PRP,IFP,VG,CNA,VTS,HM,AUH,ARM,CPP,PVS,BFN,BFM,PA,QLO,AU,VP,VB,RBF,RFN,TVD,NOD,HR,SVO,AAR,EVR,GFR,RSM,RVG,DLP,AUM,RR,GLP,PFL,VUD,VAE,RSN,QAO,VIF,VEC,VTW
1,0.85188,3.2606,0.1,0.00355,2130,210,12,11.399,141.89,11.999,40,0.99861,0.96573,69.992,3.7635,2.8263,1.0176,100.53,5.0565,0.99538,3.0003,5.0003,1.2096,1.2096,0.00083455,0.16429,71.995,0.070234,31.497,51.61,0.12834,95.096,0.72751,0.0070535,0.99607,83.107,62.43,16.433,0.0016486,0.35688,34.237,5.0535,0.59934,15.011,40.012
1441,0.84994,3.2701,0.1,0.00355,2130.9,209.38,12.032,11.387,142.09,11.983,40,1.0006,0.93731,69.777,3.7731,2.8602,1.011,99.984,5.0709,1.002,3.0008,5.0009,1.1997,1.1997,0.001012,0.10061,72.267,0.070169,31.73,51.61,0.12501,95.166,0.72567,0.0071548,1.0017,83.34,61.917,16.006,0.0010002,0.35494,33.637,5.0709,0.59666,14.997,39.98
2881,0.84989,3.2702,0.1,0.00355,2130.5,209.37,12.037,11.388,142.05,11.985,40,1.0004,0.93637,69.772,3.7727,2.86,1.0105,99.969,5.0701,1.0014,3.0007,5.0009,1.1997,1.1997,0.0010085,0.10059,72.244,0.07018,31.718,51.61,0.12502,95.2,0.72573,0.007157,1.0012,83.328,61.916,16.007,0.0010053,0.35489,33.635,5.0701,0.59671,14.998,39.989
4321,0.84983,3.2702,0.1,0.00355,2130.3,209.39,12.047,11.388,142.04,11.985,40,1.0003,0.93594,69.783,3.7726,2.8598,1.0102,99.953,5.0698,1.0012,3.0006,5.0008,1.1998,1.1998,0.0010065,0.10041,72.233,0.070188,31.701,51.61,0.12501,95.207,0.72576,0.0071522,1.001,83.311,61.92,16.007,0.0010055,0.35483,33.631,5.0698,0.59664,14.998,39.992
5761,0.84979,3.2703,0.1,0.00355,2130.1,209.42,12.058,11.388,142.03,11.985,40,1.0003,0.93585,69.793,3.7725,2.8597,1.0101,99.94,5.0697,1.0009,3.0006,5.0009,1.1998,1.1998,0.0010055,0.1003,72.222,0.070196,31.685,51.61,0.12501,95.202,0.72577,0.0071471,1.0008,83.295,61.923,16.006,0.0010053,0.35479,33.628,5.0697,0.59657,14.998,39.993
7201,0.84976,3.2703,0.1,0.00355,2130.1,209.46,12.068,11.388,142.03,11.984,40,1.0002,0.9359,69.804,3.7725,2.8596,1.0101,99.931,5.0697,1.0007,3.0006,5.0009,1.1999,1.1999,0.001005,0.10024,72.212,0.070205,31.672,51.61,0.12501,95.195,0.72578,0.0071422,1.0006,83.282,61.927,16.006,0.001005,0.35476,33.626,5.0697,0.5965,14.998,39.993
8641,0.84973,3.2704,0.1,0.00355,2130,209.49,12.077,11.388,142.03,11.984,40,1.0001,0.93601,69.814,3.7725,2.8595,1.0101,99.925,5.0697,1.0005,3.0006,5.0009,1.2,1.2,0.0010046,0.1002,72.204,0.070213,31.662,51.61,0.125,95.187,0.72577,0.0071374,1.0004,83.272,61.931,16.006,0.0010047,0.35473,33.625,5.0697,0.59643,14.997,39.993
10081,0.84972,3.2704,0.1,0.00355,2130,209.52,12.086,11.388,142.03,11.984,40,1.0001,0.93615,69.824,3.7725,2.8595,1.0102,99.921,5.0697,1.0003,3.0007,5.001,1.2001,1.2001,0.0010043,0.10017,72.198,0.07022,31.654,51.61,0.125,95.18,0.72577,0.0071325,1.0002,83.263,61.935,16.005,0.0010044,0.35472,33.625,5.0697,0.59637,14.997,39.993
11521,0.84971,3.2704,0.1,0.00355,2130,209.55,12.095,11.388,142.03,11.984,40,1,0.9363,69.835,3.7726,2.8594,1.0102,99.919,5.0698,1.0002,3.0007,5.001,1.2001,1.2001,0.001004,0.10015,72.192,0.070226,31.647,51.61,0.125,95.174,0.72577,0.0071278,1.0001,83.257,61.939,16.005,0.0010041,0.35471,33.625,5.0698,0.59631,14.997,39.992
12961,0.84971,3.2705,0.1,0.00355,2130,209.58,12.103,11.388,142.03,11.984,40,1,0.93645,69.845,3.7726,2.8594,1.0103,99.919,5.0699,1,3.0007,5.0011,1.2002,1.2002,0.0010038,0.10013,72.188,0.070231,31.641,51.61,0.125,95.169,0.72576,0.0071231,1,83.251,61.943,16.005,0.0010039,0.35471,33.625,5.0699,0.59626,14.997,39.992
14401,0.84972,3.2705,0.1,0.00355,2130,209.62,12.111,11.387,142.03,11.984,40,0.99999,0.93661,69.854,3.7726,2.8593,1.0103,99.92,5.0699,0.99996,3.0008,5.0011,1.2003,1.2003,0.0010036,0.10012,72.185,0.070236,31.637,51.61,0.125,95.165,0.72575,0.0071185,0.99997,83.247,61.947,16.005,0.0010037,0.35472,33.626,5.0699,0.59621,14.997,39.992
15841,0.84972,3.2705,0.1,0.00355,2130,209.65,12.119,11.387,142.03,11.984,40,0.99997,0.93677,69.864,3.7727,2.8593,1.0104,99.922,5.07,0.99989,3.0008,5.0012,1.2004,1.2004,0.0010034,0.10011,72.182,0.07024,31.633,51.61,0.125,95.161,0.72575,0.007114,0.99991,83.243,61.951,16.005,0.0010034,0.35472,33.627,5.07,0.59617,14.997,39.992
17281,0.84973,3.2705,0.1,0.00355,2130,209.68,12.127,11.387,142.03,11.983,40,0.99995,0.93693,69.873,3.7727,2.8593,1.0104,99.925,5.0702,0.99984,3.0008,5.0012,1.2004,1.2004,0.0010032,0.1001,72.18,0.070243,31.631,51.61,0.125,95.158,0.72574,0.0071096,0.99986,83.241,61.954,16.005,0.0010032,0.35473,33.628,5.0702,0.59613,14.997,39.992
18721,0.84974,3.2705,0.1,0.00355,2129.9,209.71,12.134,11.387,142.03,11.983,40,0.99994,0.93708,69.882,3.7727,2.8593,1.0105,99.928,5.0703,0.9998,3.0009,5.0013,1.2005,1.2005,0.001003,0.10009,72.178,0.070247,31.629,51.61,0.125,95.156,0.72574,0.0071053,0.99983,83.239,61.958,16.005,0.0010031,0.35474,33.629,5.0703,0.59609,14.997,39.992
20161,0.84976,3.2706,0.1,0.00355,2129.9,209.74,12.141,11.387,142.03,11.983,40,0.99993,0.93724,69.891,3.7727,2.8592,1.0106,99.932,5.0704,0.99977,3.0009,5.0013,1.2006,1.2006,0.0010029,0.10009,72.177,0.07025,31.627,51.61,0.125,95.154,0.72573,0.0071012,0.9998,83.237,61.961,16.005,0.0010029,0.35476,33.631,5.0704,0.59605,14.997,39.992
21601,0.84977,3.2706,0.1,0.00355,2129.9,209.76,12.147,11.387,142.03,11.983,40,0.99992,0.93739,69.9,3.7728,2.8592,1.0106,99.936,5.0705,0.99974,3.0009,5.0014,1.2006,1.2006,0.0010027,0.10008,72.176,0.070252,31.626,51.61,0.125,95.152,0.72573,0.0070972,0.99978,83.236,61.965,16.005,0.0010027,0.35477,33.632,5.0705,0.59602,14.997,39.992
23041,0.84979,3.2706,0.1,0.00355,2129.9,209.79,12.154,11.387,142.03,11.983,40,0.99992,0.93754,69.908,3.7728,2.8592,1.0107,99.94,5.0706,0.99972,3.0009,5.0014,1.2007,1.2007,0.0010025,0.10008,72.175,0.070255,31.625,51.61,0.125,95.151,0.72572,0.0070933,0.99977,83.235,61.968,16.005,0.0010026,0.35479,33.634,5.0706,0.59599,14.997,39.992
24481,0.8498,3.2706,0.1,0.00355,2129.9,209.82,12.16,11.387,142.03,11.983,40,0.99991,0.93769,69.916,3.7728,2.8592,1.0107,99.945,5.0707,0.99971,3.001,5.0014,1.2008,1.2008,0.0010024,0.10008,72.174,0.070257,31.625,51.61,0.125,95.149,0.72572,0.0070896,0.99976,83.235,61.971,16.005,0.0010024,0.3548,33.636,5.0707,0.59595,14.997,39.992
25921,0.84982,3.2706,0.1,0.00355,2129.9,209.84,12.166,11.387,142.03,11.983,40,0.99991,0.93783,69.923,3.7729,2.8592,1.0108,99.949,5.0708,0.99971,3.001,5.0015,1.2008,1.2008,0.0010023,0.10007,72.174,0.070259,31.624,51.61,0.125,95.148,0.72571,0.007086,0.99975,83.234,61.974,16.005,0.0010023,0.35482,33.637,5.0708,0.59592,14.996,39.992
27361,0.84984,3.2706,0.1,0.00355,2129.9,209.86,12.171,11.387,142.03,11.983,40,0.99991,0.93796,69.931,3.7729,2.8592,1.0109,99.954,5.071,0.9997,3.001,5.0015,1.2009,1.2009,0.0010021,0.10007,72.174,0.07026,31.624,51.61,0.125,95.147,0.72571,0.0070825,0.99975,83.234,61.977,16.005,0.0010022,0.35484,33.639,5.071,0.5959,14.996,39.992
28801,0.84985,3.2706,0.1,0.00355,2129.9,209.89,12.177,11.387,142.03,11.983,40,0.99991,0.9381,69.938,3.7729,2.8592,1.0109,99.959,5.0711,0.9997,3.0011,5.0015,1.2009,1.2009,0.001002,0.10007,72.174,0.070262,31.624,51.61,0.125,95.147,0.7257,0.0070791,0.99975,83.234,61.98,16.005,0.0010021,0.35485,33.641,5.0711,0.59587,14.996,39.991
30241,0.84987,3.2706,0.1,0.00355,2129.9,209.91,12.182,11.387,142.03,11.983,40,0.99991,0.93823,69.945,3.7729,2.8592,1.011,99.963,5.0712,0.9997,3.0011,5.0016,1.201,1.201,0.0010019,0.10007,72.174,0.070264,31.624,51.61,0.125,95.146,0.7257,0.0070759,0.99975,83.234,61.983,16.005,0.0010019,0.35487,33.642,5.0712,0.59585,14.996,39.991
31681,0.84989,3.2706,0.1,0.00355,2129.9,209.93,12.187,11.387,142.03,11.983,40,0.99991,0.93835,69.951,3.7729,2.8592,1.011,99.968,5.0713,0.99971,3.0011,5.0016,1.201,1.201,0.0010018,0.10007,72.174,0.070265,31.625,51.61,0.125,95.145,0.72569,0.0070728,0.99975,83.235,61.985,16.005,0.0010018,0.35489,33.644,5.0713,0.59582,14.996,39.991
33121,0.8499,3.2706,0.1,0.00355,2129.9,209.95,12.192,11.387,142.03,11.983,40,0.99991,0.93847,69.958,3.773,2.8592,1.0111,99.972,5.0714,0.99971,3.0011,5.0016,1.2011,1.2011,0.0010017,0.10007,72.174,0.070266,31.625,51.61,0.125,95.145,0.72569,0.0070698,0.99975,83.235,61.988,16.005,0.0010017,0.3549,33.645,5.0714,0.5958,14.996,39.991
34561,0.84992,3.2706,0.1,0.00355,2129.9,209.97,12.196,11.387,142.03,11.983,40,0.99992,0.93859,69.964,3.773,2.8592,1.0111,99.977,5.0715,0.99972,3.0011,5.0017,1.2011,1.2011,0.0010016,0.10007,72.174,0.070268,31.625,51.61,0.125,95.145,0.72569,0.0070669,0.99976,83.235,61.99,16.005,0.0010016,0.35492,33.647,5.0715,0.59578,14.996,39.991
36001,0.84993,3.2706,0.1,0.00355,2129.9,209.99,12.201,11.387,142.03,11.983,40,0.99992,0.9387,69.97,3.773,2.8592,1.0112,99.981,5.0716,0.99972,3.0012,5.0017,1.2012,1.2012,0.0010015,0.10007,72.174,0.070269,31.626,51.61,0.125,95.144,0.72568,0.0070642,0.99977,83.236,61.993,16.005,0.0010015,0.35493,33.648,5.0716,0.59576,14.996,39.991
37441,0.84995,3.2706,0.1,0.00355,2129.9,210.01,12.205,11.387,142.03,11.982,40,0.99992,0.93881,69.975,3.773,2.8592,1.0112,99.985,5.0717,0.99973,3.0012,5.0017,1.2012,1.2012,0.0010014,0.10008,72.174,0.07027,31.626,51.61,0.125,95.144,0.72568,0.0070615,0.99977,83.236,61.995,16.005,0.0010015,0.35495,33.65,5.0717,0.59574,14.996,39.991
38881,0.84996,3.2706,0.1,0.00355,2129.8,210.03,12.209,11.387,142.03,11.982,40,0.99992,0.93891,69.981,3.773,2.8592,1.0113,99.989,5.0718,0.99974,3.0012,5.0017,1.2013,1.2013,0.0010014,0.10008,72.175,0.070271,31.627,51.61,0.125,95.144,0.72568,0.007059,0.99978,83.236,61.997,16.005,0.0010014,0.35496,33.651,5.0718,0.59572,14.996,39.991
40321,0.84998,3.2706,0.10444,0.00355,2129.8,210.04,12.213,11.387,142.03,11.982,40,0.99992,0.93901,69.986,3.773,2.8592,1.0113,99.993,5.0719,0.99975,3.0012,5.0017,1.2013,1.2013,0.0010013,0.10008,72.175,0.070272,31.627,51.61,0.125,95.143,0.72568,0.0070565,0.99978,83.237,61.999,16.005,0.0010013,0.35498,33.652,5.0719,0.5957,14.996,39.991
41761,0.87223,3.3184,0.5,0.00355,2155.7,211.6,12.044,11.358,143.17,11.945,40,0.95618,1.318,68.256,3.8774,2.8009,1.1456,106.26,5.1591,0.85392,3.1,5.0998,1.2126,1.2126,0.0031107,0.3875,66.626,0.077434,36.018,51.61,0.13497,89.371,0.70614,0.0078696,0.87583,87.628,62.585,17.282,0.0030799,0.37723,36.555,5.1591,0.58607,15.057,39.851
43201,0.88023,3.3155,0.5,0.00355,2156.1,212.84,12.054,11.365,143.06,11.953,40,0.96231,1.3449,68.521,3.886,2.8099,1.16,108.52,5.1857,0.87436,3.1061,5.1051,1.2158,1.2158,0.003153,0.40239,67.439,0.076895,37.645,51.61,0.13542,90.195,0.70458,0.007745,0.89321,89.255,62.748,17.339,0.0031337,0.38523,37.237,5.1857,0.58779,15.072,39.885
44641,0.88741,3.3128,0.5,0.00355,2156.9,213.96,12.065,11.37,143,11.959,40,0.96796,1.3696,68.768,3.8935,2.8182,1.1734,110.54,5.2102,0.89321,3.1114,5.1095,1.2186,1.2186,0.0031842,0.4163,68.188,0.076409,39.101,51.61,0.13577,90.886,0.70322,0.007629,0.90923,90.711,62.891,17.384,0.0031701,0.39241,37.842,5.2102,0.58934,15.083,39.909
46081,0.89378,3.3103,0.5,0.00355,2157.8,214.95,12.074,11.374,142.96,11.965,40,0.97303,1.3915,68.987,3.8999,2.8256,1.1854,112.33,5.232,0.9101,3.1159,5.1132,1.221,1.221,0.0032084,0.42884,68.858,0.075983,40.392,51.61,0.13605,91.475,0.70206,0.0075261,0.92359,92.002,63.015,17.42,0.0031971,0.39878,38.374,5.232,0.59074,15.094,39.927
47521,0.89935,3.3081,0.5,0.00355,2158.6,215.81,12.081,11.378,142.93,11.97,40,0.97749,1.4107,69.178,3.9052,2.8322,1.1959,113.9,5.2511,0.92496,3.1197,5.1162,1.223,1.223,0.0032277,0.43986,69.446,0.075615,41.52,51.61,0.13628,91.977,0.70111,0.0074364,0.93622,93.13,63.12,17.449,0.0032181,0.40435,38.838,5.2511,0.592,15.102,39.942
48961,0.90416,3.3061,0.5,0.00355,2159.3,216.55,12.088,11.381,142.91,11.974,40,0.98135,1.4273,69.342,3.9095,2.8379,1.205,115.26,5.2677,0.93782,3.1229,5.1186,1.2248,1.2248,0.0032435,0.44943,69.954,0.075302,42.495,51.61,0.13647,92.401,0.70034,0.0073594,0.94715,94.105,63.21,17.474,0.0032353,0.40916,39.236,5.2677,0.59309,15.11,39.955
50401,0.90827,3.3044,0.5,0.00355,2160,217.17,12.093,11.384,142.89,11.978,40,0.98464,1.4415,69.481,3.9129,2.8427,1.2129,116.41,5.2818,0.9488,3.1255,5.1204,1.2262,1.2262,0.0032566,0.45758,70.386,0.07504,43.326,51.61,0.13663,92.757,0.69974,0.007294,0.95648,94.936,63.286,17.494,0.0032497,0.41327,39.576,5.2818,0.59404,15.116,39.965
51841,0.91175,3.3028,0.5,0.00355,2160.5,217.68,12.098,11.386,142.88,11.981,40,0.98742,1.4535,69.598,3.9154,2.8468,1.2195,117.39,5.2938,0.95807,3.1277,5.1218,1.2275,1.2275,0.0032678,0.46446,70.75,0.074824,44.03,51.61,0.13676,93.052,0.69928,0.0072391,0.96436,95.64,63.349,17.51,0.0032619,0.41675,39.862,5.2938,0.59484,15.121,39.975
53281,0.91467,3.3015,0.5,0.00355,2160.9,218.11,12.101,11.388,142.87,11.984,40,0.98974,1.4637,69.695,3.9173,2.8502,1.2251,118.22,5.3038,0.96581,3.1294,5.1228,1.2285,1.2285,0.0032776,0.4702,71.053,0.074646,44.619,51.61,0.13686,93.296,0.69895,0.0071934,0.97094,96.229,63.402,17.524,0.0032726,0.41967,40.102,5.3038,0.59551,15.126,39.982
54721,0.9171,3.3004,0.5,0.00355,2161.3,218.45,12.105,11.389,142.86,11.986,40,0.99166,1.4722,69.775,3.9185,2.853,1.2298,118.9,5.3122,0.97221,3.1308,5.1234,1.2293,1.2293,0.0032863,0.47493,71.302,0.074503,45.11,51.61,0.13695,93.494,0.69873,0.0071558,0.97638,96.72,63.446,17.536,0.0032821,0.4221,40.302,5.3122,0.59607,15.129,39.989
56161,0.91911,3.2994,0.5,0.00355,2161.5,218.73,12.108,11.391,142.85,11.987,40,0.99324,1.4794,69.841,3.9193,2.8553,1.2338,119.47,5.3191,0.97745,3.1318,5.1237,1.23,1.23,0.0032941,0.47883,71.505,0.074388,45.516,51.61,0.13703,93.655,0.6986,0.0071248,0.98084,97.126,63.482,17.545,0.0032907,0.42411,40.467,5.3191,0.59651,15.132,39.994
57601,0.92077,3.2986,0.5,0.00355,2161.7,218.95,12.111,11.391,142.84,11.988,40,0.99452,1.4855,69.895,3.9196,2.8572,1.2371,119.94,5.3249,0.98173,3.1325,5.1238,1.2306,1.2306,0.0033014,0.482,71.669,0.074298,45.85,51.61,0.13709,93.784,0.69854,0.0070992,0.98447,97.46,63.512,17.554,0.0032986,0.42577,40.604,5.3249,0.59687,15.133,39.999
59041,0.92214,3.2978,0.5,0.00355,2161.9,219.11,12.114,11.392,142.84,11.989,40,0.99556,1.4906,69.94,3.9196,2.8588,1.2398,120.32,5.3297,0.9852,3.1329,5.1237,1.2311,1.2311,0.0033083,0.48456,71.801,0.074228,46.126,51.61,0.13715,93.887,0.69853,0.0070784,0.98742,97.736,63.536,17.561,0.0033059,0.42714,40.718,5.3297,0.59715,15.135,40.003
60481,0.92327,3.2972,0.5,0.00355,2161.9,219.23,12.117,11.393,142.84,11.99,40,0.9964,1.4949,69.976,3.9194,2.86,1.2421,120.64,5.3336,0.988,3.133,5.1234,1.2315,1.2315,0.0033148,0.48663,71.907,0.074174,46.353,51.61,0.1372,93.969,0.69858,0.0070615,0.9898,97.963,63.557,17.567,0.0033129,0.42827,40.811,5.3336,0.59738,15.136,40.006
61921,0.9242,3.2967,0.5,0.00355,2162,219.32,12.12,11.393,142.84,11.991,40,0.99707,1.4986,70.005,3.9189,2.861,1.2441,120.9,5.3369,0.99024,3.133,5.123,1.2318,1.2318,0.0033211,0.48829,71.99,0.074133,46.539,51.61,0.13724,94.033,0.69866,0.0070478,0.99171,98.149,63.574,17.572,0.0033195,0.4292,40.889,5.3369,0.59755,15.136,40.008
63361,0.92497,3.2962,0.5,0.00355,2162,219.38,12.123,11.393,142.84,11.991,40,0.99761,1.5017,70.028,3.9183,2.8618,1.2457,121.12,5.3396,0.99205,3.1328,5.1226,1.2321,1.2321,0.0033273,0.48962,72.056,0.074103,46.693,51.61,0.13727,94.083,0.69877,0.0070367,0.99324,98.303,63.588,17.577,0.0033259,0.42997,40.953,5.3396,0.59769,15.136,40.01
64801,0.92561,3.2958,0.5,0.00355,2162,219.42,12.125,11.394,142.84,11.991,40,0.99805,1.5044,70.047,3.9175,2.8624,1.2471,121.3,5.3418,0.99349,3.1325,5.122,1.2323,1.2323,0.0033332,0.49068,72.108,0.074081,46.821,51.61,0.13731,94.123,0.69891,0.0070278,0.99447,98.431,63.6,17.581,0.003332,0.43061,41.007,5.3418,0.59779,15.136,40.012
66241,0.92614,3.2954,0.5,0.00355,2162,219.44,12.128,11.394,142.84,11.992,40,0.99839,1.5068,70.063,3.9167,2.8629,1.2483,121.45,5.3437,0.99464,3.1321,5.1214,1.2325,1.2325,0.003339,0.49152,72.148,0.074066,46.927,51.61,0.13733,94.153,0.69906,0.0070206,0.99545,98.537,63.61,17.584,0.003338,0.43114,41.053,5.3437,0.59787,15.136,40.014
67681,0.92659,3.295,0.5,0.00355,2162,219.45,12.13,11.394,142.84,11.992,40,0.99867,1.5089,70.075,3.9158,2.8633,1.2493,121.57,5.3454,0.99556,3.1317,5.1208,1.2327,1.2327,0.0033447,0.49219,72.179,0.074057,47.017,51.61,0.13736,94.176,0.69922,0.0070148,0.99623,98.627,63.618,17.588,0.0033438,0.43159,41.091,5.3454,0.59792,15.136,40.015
69121,0.92697,3.2947,0.5,0.00355,2161.9,219.45,12.132,11.394,142.84,11.992,40,0.99889,1.5108,70.085,3.9148,2.8637,1.2503,121.68,5.3467,0.9963,3.1312,5.1201,1.2328,1.2328,0.0033504,0.49272,72.203,0.074052,47.092,51.61,0.13739,94.193,0.69939,0.0070101,0.99685,98.702,63.625,17.591,0.0033495,0.43197,41.124,5.3467,0.59797,15.136,40.017
70561,0.92729,3.2944,0.5,0.00355,2161.9,219.44,12.134,11.394,142.84,11.992,40,0.99906,1.5125,70.093,3.9138,2.8639,1.2511,121.77,5.3479,0.99688,3.1306,5.1195,1.2329,1.2329,0.0033559,0.49315,72.22,0.07405,47.157,51.61,0.13741,94.206,0.69957,0.0070063,0.99735,98.767,63.631,17.594,0.0033551,0.43229,41.153,5.3479,0.59799,15.135,40.018
72001,0.92757,3.2942,0.5,0.00355,2161.8,219.42,12.136,11.394,142.84,11.992,40,0.9992,1.514,70.1,3.9128,2.8641,1.2518,121.85,5.349,0.99734,3.1301,5.1188,1.233,1.233,0.0033613,0.49348,72.234,0.074051,47.213,51.61,0.13743,94.215,0.69975,0.0070032,0.99774,98.823,63.637,17.597,0.0033606,0.43257,41.178,5.349,0.59801,15.135,40.019
73441,0.92782,3.2939,0.5,0.00355,2161.8,219.4,12.138,11.394,142.84,11.992,40,0.99931,1.5155,70.105,3.9118,2.8643,1.2525,121.92,5.3499,0.99771,3.1295,5.1181,1.2331,1.2331,0.0033667,0.49375,72.243,0.074054,47.261,51.61,0.13745,94.221,0.69993,0.0070007,0.99806,98.871,63.642,17.6,0.0033661,0.43282,41.2,5.3499,0.59802,15.134,40.02
74881,0.92804,3.2937,0.5,0.00355,2161.7,219.37,12.14,11.394,142.84,11.992,40,0.9994,1.5168,70.109,3.9108,2.8645,1.2531,121.98,5.3507,0.99801,3.129,5.1174,1.2332,1.2332,0.003372,0.49396,72.25,0.074059,47.304,51.61,0.13747,94.225,0.70011,0.0069987,0.99831,98.914,63.646,17.602,0.0033714,0.43304,41.219,5.3507,0.59803,15.134,40.021
76321,0.92823,3.2935,0.5,0.00355,2161.7,219.34,12.141,11.394,142.84,11.992,40,0.99947,1.518,70.113,3.9098,2.8646,1.2536,122.04,5.3515,0.99825,3.1284,5.1168,1.2333,1.2333,0.0033773,0.49412,72.254,0.074065,47.343,51.61,0.13749,94.228,0.70029,0.0069971,0.99851,98.953,63.65,17.605,0.0033767,0.43323,41.237,5.3515,0.59803,15.133,40.022
77761,0.92841,3.2933,0.5,0.00355,2161.6,219.31,12.143,11.394,142.85,11.992,40,0.99953,1.5192,70.115,3.9088,2.8647,1.2542,122.09,5.3522,0.99844,3.1278,5.1161,1.2334,1.2334,0.0033825,0.49425,72.257,0.074071,47.378,51.61,0.13751,94.228,0.70047,0.0069957,0.99867,98.988,63.653,17.607,0.0033819,0.43341,41.254,5.3522,0.59803,15.133,40.022
79201,0.92857,3.2931,0.5,0.00355,2161.6,219.28,12.145,11.394,142.85,11.992,40,0.99958,1.5203,70.118,3.9078,2.8647,1.2547,122.13,5.3528,0.99859,3.1273,5.1155,1.2334,1.2334,0.0033876,0.49435,72.258,0.074079,47.41,51.61,0.13753,94.228,0.70064,0.0069946,0.9988,99.02,63.656,17.609,0.003387,0.43357,41.269,5.3528,0.59802,15.132,40.023
80641,0.92872,3.2929,0.5,0.00355,2161.5,219.25,12.146,11.394,142.85,11.992,40,0.99961,1.5214,70.12,3.9069,2.8648,1.2551,122.17,5.3534,0.99871,3.1267,5.1148,1.2335,1.2335,0.0033927,0.49444,72.259,0.074087,47.44,51.61,0.13755,94.227,0.70082,0.0069938,0.9989,99.05,63.659,17.612,0.0033921,0.43372,41.283,5.3534,0.59801,15.131,40.024
82081,0.92886,3.2927,0.5,0.00355,2161.4,219.21,12.147,11.394,142.85,11.992,40,0.99964,1.5225,70.121,3.9059,2.8648,1.2556,122.21,5.354,0.99881,3.1262,5.1142,1.2335,1.2335,0.0033977,0.4945,72.258,0.074095,47.467,51.61,0.13756,94.225,0.70099,0.006993,0.99899,99.077,63.662,17.614,0.0033971,0.43386,41.297,5.354,0.598,15.131,40.025
83521,0.92899,3.2926,0.5,0.00355,2161.4,219.18,12.149,11.394,142.85,11.992,40,0.99967,1.5235,70.122,3.905,2.8649,1.256,122.25,5.3545,0.99889,3.1257,5.1136,1.2336,1.2336,0.0034026,0.49455,72.257,0.074103,47.494,51.61,0.13758,94.223,0.70115,0.0069925,0.99906,99.103,63.665,17.616,0.0034021,0.43399,41.31,5.3545,0.59799,15.13,40.026
84961,0.92912,3.2924,0.5,0.00355,2161.3,219.15,12.15,11.394,142.85,11.992,40,0.99969,1.5245,70.123,3.9041,2.8649,1.2565,122.29,5.355,0.99896,3.1252,5.113,1.2336,1.2336,0.0034076,0.49459,72.255,0.074112,47.518,51.61,0.1376,94.22,0.70132,0.006992,0.99911,99.128,63.667,17.618,0.003407,0.43412,41.322,5.355,0.59798,15.13,40.026
86401,0.92924,3.2922,0.5,0.00355,2161.3,219.11,12.151,11.394,142.86,11.992,40,0.9997,1.5254,70.124,3.9032,2.8649,1.2569,122.32,5.3555,0.99901,3.1247,5.1124,1.2337,1.2337,0.0034124,0.49462,72.253,0.074121,47.542,51.61,0.13761,94.217,0.70147,0.0069916,0.99916,99.152,63.67,17.62,0.0034119,0.43424,41.334,5.3555,0.59797,15.129,40.027
87841,0.92936,3.2921,0.5,0.00355,2161.2,219.08,12.152,11.394,142.86,11.992,40,0.99972,1.5264,70.125,3.9023,2.865,1.2573,122.35,5.356,0.99906,3.1242,5.1119,1.2337,1.2337,0.0034172,0.49464,72.251,0.07413,47.565,51.61,0.13763,94.214,0.70163,0.0069913,0.9992,99.175,63.672,17.622,0.0034167,0.43436,41.345,5.356,0.59796,15.129,40.028
89281,0.92947,3.2919,0.5,0.00355,2161.2,219.05,12.153,11.394,142.86,11.992,40,0.99973,1.5273,70.125,3.9015,2.865,1.2577,122.39,5.3564,0.99909,3.1237,5.1113,1.2338,1.2338,0.003422,0.49466,72.249,0.074138,47.587,51.61,0.13764,94.21,0.70178,0.006991,0.99923,99.197,63.674,17.624,0.0034214,0.43447,41.356,5.3564,0.59795,15.128,40.029
90721,0.92958,3.2918,0.5,0.00355,2161.1,219.02,12.154,11.394,142.86,11.992,40,0.99974,1.5282,70.126,3.9007,2.865,1.258,122.42,5.3569,0.99913,3.1232,5.1108,1.2338,1.2338,0.0034267,0.49468,72.246,0.074147,47.609,51.61,0.13766,94.207,0.70193,0.0069908,0.99926,99.219,63.677,17.626,0.0034261,0.43458,41.367,5.3569,0.59794,15.128,40.029
92161,0.92969,3.2917,0.5,0.00355,2161.1,218.99,12.155,11.394,142.86,11.992,40,0.99975,1.5291,70.126,3.8999,2.865,1.2584,122.45,5.3573,0.99915,3.1228,5.1102,1.2338,1.2338,0.0034313,0.49469,72.244,0.074156,47.63,51.61,0.13768,94.203,0.70207,0.0069907,0.99928,99.24,63.679,17.628,0.0034308,0.43469,41.377,5.3573,0.59792,15.127,40.03
93601,0.92979,3.2915,0.5,0.00355,2161.1,218.96,12.156,11.394,142.86,11.992,40,0.99975,1.53,70.126,3.8991,2.865,1.2588,122.48,5.3577,0.99918,3.1223,5.1097,1.2339,1.2339,0.0034359,0.4947,72.241,0.074165,47.65,51.61,0.13769,94.199,0.70221,0.0069906,0.9993,99.26,63.681,17.63,0.0034354,0.43479,41.387,5.3577,0.59791,15.127,40.031
95041,0.92989,3.2914,0.5,0.00355,2161,218.93,12.156,11.394,142.87,11.992,40,0.99976,1.5308,70.127,3.8984,2.8651,1.2591,122.5,5.3581,0.9992,3.1219,5.1092,1.2339,1.2339,0.0034405,0.4947,72.238,0.074173,47.671,51.61,0.13771,94.196,0.70234,0.0069905,0.99932,99.281,63.683,17.632,0.00344,0.43489,41.397,5.3581,0.5979,15.126,40.032
96481,0.92999,3.2913,0.5,0.00355,2161,218.9,12.157,11.394,142.87,11.992,40,0.99976,1.5317,70.127,3.8976,2.8651,1.2595,122.53,5.3585,0.99921,3.1215,5.1088,1.234,1.234,0.003445,0.49471,72.235,0.074182,47.69,51.61,0.13772,94.192,0.70248,0.0069904,0.99933,99.3,63.685,17.634,0.0034445,0.43499,41.407,5.3585,0.59789,15.126,40.033
97921,0.93009,3.2912,0.5,0.00355,2160.9,218.87,12.158,11.394,142.87,11.992,40,0.99977,1.5325,70.127,3.8969,2.8651,1.2599,122.56,5.3589,0.99923,3.1211,5.1083,1.234,1.234,0.0034495,0.49471,72.233,0.07419,47.71,51.61,0.13774,94.188,0.7026,0.0069904,0.99935,99.32,63.686,17.636,0.0034489,0.43509,41.417,5.3589,0.59788,15.125,40.033
99361,0.93019,3.291,0.5,0.00355,2160.9,218.85,12.158,11.394,142.87,11.992,40,0.99977,1.5333,70.127,3.8962,2.8651,1.2602,122.59,5.3593,0.99924,3.1207,5.1078,1.234,1.234,0.0034539,0.49471,72.23,0.074198,47.729,51.61,0.13775,94.184,0.70273,0.0069904,0.99936,99.339,63.688,17.638,0.0034534,0.43519,41.427,5.3593,0.59787,15.125,40.034
1.008e+05,0.93028,3.2909,0.5,0.00355,2160.9,218.82,12.159,11.394,142.87,11.992,40,0.99978,1.5341,70.127,3.8956,2.8651,1.2605,122.61,5.3597,0.99926,3.1204,5.1074,1.2341,1.2341,0.0034583,0.49472,72.227,0.074206,47.748,51.61,0.13776,94.18,0.70285,0.0069904,0.99937,99.358,63.69,17.639,0.0034577,0.43528,41.436,5.3597,0.59786,15.124,40.035
1.0224e+05,0.93037,3.2908,0.5,0.00355,2160.8,218.8,12.16,11.394,142.87,11.992,40,0.99978,1.5349,70.127,3.8949,2.8651,1.2609,122.64,5.3601,0.99927,3.12,5.107,1.2341,1.2341,0.0034626,0.49472,72.225,0.074214,47.766,51.61,0.13778,94.177,0.70297,0.0069904,0.99938,99.376,63.692,17.641,0.0034621,0.43537,41.445,5.3601,0.59785,15.124,40.036
1.0368e+05,0.93047,3.2907,0.5,0.00355,2160.8,218.77,12.16,11.394,142.88,11.992,40,0.99978,1.5357,70.127,3.8943,2.8651,1.2612,122.67,5.3605,0.99928,3.1197,5.1065,1.2341,1.2341,0.0034669,0.49472,72.222,0.074222,47.785,51.61,0.13779,94.173,0.70308,0.0069905,0.99939,99.395,63.694,17.643,0.0034663,0.43547,41.454,5.3605,0.59784,15.124,40.036
1.0512e+05,0.93056,3.2906,0.5,0.00355,2160.8,218.75,12.161,11.394,142.88,11.991,40,0.99979,1.5365,70.127,3.8937,2.8651,1.2615,122.69,5.3609,0.99929,3.1193,5.1061,1.2342,1.2342,0.0034711,0.49472,72.22,0.07423,47.803,51.61,0.13781,94.169,0.70319,0.0069905,0.9994,99.413,63.695,17.645,0.0034706,0.43556,41.463,5.3609,0.59784,15.123,40.037
1.0656e+05,0.93065,3.2905,0.5,0.00355,2160.8,218.72,12.161,11.394,142.88,11.991,40,0.99979,1.5373,70.126,3.8931,2.8652,1.2619,122.72,5.3612,0.9993,3.119,5.1057,1.2342,1.2342,0.0034753,0.49472,72.217,0.074238,47.821,51.61,0.13782,94.165,0.7033,0.0069906,0.99941,99.431,63.697,17.647,0.0034748,0.43565,41.472,5.3612,0.59783,15.123,40.038
1.08e+05,0.93074,3.2904,0.5,0.00355,2160.7,218.7,12.161,11.394,142.88,11.991,40,0.99979,1.5381,70.126,3.8925,2.8652,1.2622,122.74,5.3616,0.99931,3.1187,5.1054,1.2342,1.2342,0.0034795,0.49472,72.215,0.074245,47.838,51.61,0.13783,94.162,0.70341,0.0069906,0.99942,99.448,63.699,17.648,0.0034789,0.43574,41.481,5.3616,0.59782,15.123,40.039
1.0944e+05,0.93082,3.2903,0.5,0.00355,2160.7,218.68,12.162,11.394,142.88,11.991,40,0.9998,1.5388,70.126,3.8919,2.8652,1.2625,122.77,5.3619,0.99932,3.1184,5.105,1.2343,1.2343,0.0034836,0.49472,72.212,0.074253,47.856,51.61,0.13785,94.158,0.70351,0.0069907,0.99942,99.466,63.7,17.65,0.003483,0.43582,41.49,5.3619,0.59781,15.122,40.04
1.1088e+05,0.93091,3.2902,0.5,0.00355,2160.7,218.66,12.162,11.394,142.88,11.991,40,0.9998,1.5396,70.126,3.8914,2.8652,1.2628,122.79,5.3623,0.99933,3.1181,5.1046,1.2343,1.2343,0.0034877,0.49472,72.21,0.07426,47.873,51.61,0.13786,94.154,0.70361,0.0069908,0.99943,99.483,63.702,17.652,0.0034871,0.43591,41.498,5.3623,0.5978,15.122,40.04
1.1232e+05,0.931,3.2901,0.5,0.00355,2160.7,218.64,12.163,11.394,142.89,11.991,40,0.9998,1.5403,70.126,3.8908,2.8652,1.2631,122.82,5.3627,0.99934,3.1178,5.1043,1.2343,1.2343,0.0034917,0.49471,72.208,0.074267,47.89,51.61,0.13787,94.151,0.7037,0.0069909,0.99944,99.5,63.704,17.653,0.0034911,0.436,41.507,5.3627,0.5978,15.122,40.041
1.1376e+05,0.93108,3.29,0.5,0.00355,2160.6,218.62,12.163,11.394,142.89,11.991,40,0.9998,1.541,70.126,3.8903,2.8652,1.2634,122.84,5.363,0.99935,3.1175,5.1039,1.2344,1.2344,0.0034957,0.49471,72.206,0.074274,47.907,51.61,0.13789,94.147,0.7038,0.006991,0.99945,99.517,63.705,17.655,0.0034951,0.43608,41.515,5.363,0.59779,15.121,40.042
1.152e+05,0.93116,3.29,0.5,0.00355,2160.6,218.6,12.163,11.394,142.89,11.991,40,0.99981,1.5418,70.125,3.8898,2.8652,1.2637,122.86,5.3633,0.99936,3.1172,5.1036,1.2344,1.2344,0.0034996,0.49471,72.203,0.074281,47.924,51.61,0.1379,94.143,0.70389,0.0069911,0.99945,99.534,63.707,17.657,0.0034991,0.43616,41.523,5.3633,0.59778,15.121,40.043
1.1664e+05,0.93125,3.2899,0.5,0.00355,2160.6,218.58,12.163,11.394,142.89,11.991,40,0.99981,1.5425,70.125,3.8893,2.8652,1.264,122.89,5.3637,0.99936,3.117,5.1033,1.2344,1.2344,0.0035035,0.49471,72.201,0.074288,47.94,51.61,0.13791,94.14,0.70398,0.0069912,0.99946,99.55,63.708,17.658,0.003503,0.43625,41.532,5.3637,0.59778,15.121,40.044
1.1808e+05,0.93133,3.2898,0.5,0.00355,2160.6,218.56,12.164,11.394,142.89,11.991,40,0.99981,1.5432,70.125,3.8889,2.8652,1.2643,122.91,5.364,0.99937,3.1167,5.103,1.2344,1.2344,0.0035074,0.49471,72.199,0.074295,47.956,51.61,0.13792,94.136,0.70406,0.0069914,0.99947,99.566,63.71,17.66,0.0035068,0.43633,41.54,5.364,0.59777,15.121,40.044
1.1952e+05,0.93141,3.2897,0.5,0.00355,2160.6,218.54,12.164,11.394,142.89,11.991,40,0.99981,1.5439,70.125,3.8884,2.8652,1.2646,122.93,5.3644,0.99938,3.1165,5.1027,1.2345,1.2345,0.0035112,0.49471,72.197,0.074301,47.973,51.61,0.13794,94.133,0.70415,0.0069915,0.99947,99.583,63.711,17.661,0.0035107,0.43641,41.548,5.3644,0.59777,15.12,40.045
1.2096e+05,0.93149,3.2896,0.5,0.00355,2160.6,218.53,12.164,11.393,142.89,11.991,40,0.99982,1.5446,70.124,3.8879,2.8652,1.2649,122.95,5.3647,0.99939,3.1163,5.1024,1.2345,1.2345,0.003515,0.49471,72.195,0.074308,47.989,51.61,0.13795,94.129,0.70423,0.0069916,0.99948,99.599,63.713,17.663,0.0035144,0.43649,41.556,5.3647,0.59776,15.12,40.046
1.224e+05,0.93157,3.2896,0.5,0.00355,2160.6,218.51,12.164,11.393,142.9,11.991,40,0.99982,1.5453,70.124,3.8875,2.8653,1.2652,122.98,5.365,0.99939,3.116,5.1021,1.2345,1.2345,0.0035187,0.49471,72.194,0.074314,48.004,51.61,0.13796,94.126,0.70431,0.0069917,0.99949,99.614,63.714,17.665,0.0035182,0.43657,41.563,5.365,0.59776,15.12,40.047
1.2384e+05,0.93165,3.2895,0.5,0.00355,2160.5,218.49,12.164,11.393,142.9,11.991,40,0.99982,1.546,70.124,3.8871,2.8653,1.2655,123,5.3653,0.9994,3.1158,5.1018,1.2346,1.2346,0.0035225,0.49471,72.192,0.07432,48.02,51.61,0.13797,94.123,0.70438,0.0069919,0.99949,99.63,63.716,17.666,0.0035219,0.43665,41.571,5.3653,0.59775,15.12,40.048
1.2528e+05,0.93172,3.2894,0.5,0.00355,2160.5,218.48,12.165,11.393,142.9,11.991,40,0.99982,1.5466,70.123,3.8867,2.8653,1.2658,123.02,5.3656,0.99941,3.1156,5.1016,1.2346,1.2346,0.0035261,0.4947,72.19,0.074327,48.035,51.61,0.13798,94.119,0.70446,0.006992,0.9995,99.645,63.717,17.668,0.0035256,0.43672,41.579,5.3656,0.59775,15.119,40.048
1.2672e+05,0.9318,3.2894,0.5,0.00355,2160.5,218.46,12.165,11.393,142.9,11.991,40,0.99982,1.5473,70.123,3.8863,2.8653,1.2661,123.04,5.366,0.99942,3.1154,5.1013,1.2346,1.2346,0.0035298,0.4947,72.188,0.074333,48.051,51.61,0.138,94.116,0.70453,0.0069922,0.9995,99.661,63.718,17.669,0.0035292,0.4368,41.586,5.366,0.59774,15.119,40.049
1.2816e+05,0.93188,3.2893,0.5,0.00355,2160.5,218.45,12.165,11.393,142.9,11.991,40,0.99983,1.5479,70.123,3.8859,2.8653,1.2663,123.06,5.3663,0.99942,3.1152,5.101,1.2346,1.2346,0.0035334,0.4947,72.187,0.074339,48.066,51.61,0.13801,94.113,0.7046,0.0069923,0.99951,99.676,63.72,17.671,0.0035328,0.43688,41.594,5.3663,0.59774,15.119,40.05
1.296e+05,0.93195,3.2892,0.5,0.00355,2160.5,218.43,12.165,11.393,142.9,11.991,40,0.99983,1.5486,70.122,3.8855,2.8653,1.2666,123.08,5.3666,0.99943,3.115,5.1008,1.2347,1.2347,0.0035369,0.4947,72.185,0.074345,48.081,51.61,0.13802,94.109,0.70467,0.0069924,0.99951,99.691,63.721,17.672,0.0035364,0.43695,41.601,5.3666,0.59773,15.119,40.051
1.3104e+05,0.93203,3.2892,0.5,0.00355,2160.5,218.42,12.165,11.393,142.9,11.991,40,0.99983,1.5492,70.122,3.8852,2.8653,1.2669,123.11,5.3669,0.99944,3.1149,5.1006,1.2347,1.2347,0.0035404,0.4947,72.183,0.074351,48.096,51.61,0.13803,94.106,0.70473,0.0069926,0.99952,99.706,63.722,17.674,0.0035399,0.43703,41.608,5.3669,0.59773,15.119,40.052
1.3248e+05,0.9321,3.2891,0.5,0.00355,2160.5,218.41,12.165,11.393,142.9,11.991,40,0.99983,1.5499,70.122,3.8848,2.8653,1.2671,123.13,5.3672,0.99944,3.1147,5.1003,1.2347,1.2347,0.0035439,0.4947,72.182,0.074356,48.11,51.61,0.13804,94.103,0.7048,0.0069927,0.99953,99.72,63.724,17.675,0.0035434,0.4371,41.616,5.3672,0.59773,15.118,40.052
1.3392e+05,0.93217,3.2891,0.5,0.00355,2160.5,218.4,12.165,11.393,142.91,11.991,40,0.99983,1.5505,70.122,3.8845,2.8653,1.2674,123.15,5.3675,0.99945,3.1145,5.1001,1.2347,1.2347,0.0035474,0.4947,72.18,0.074362,48.125,51.61,0.13805,94.1,0.70486,0.0069929,0.99953,99.735,63.725,17.676,0.0035469,0.43717,41.623,5.3675,0.59772,15.118,40.053
1.3536e+05,0.93224,3.289,0.5,0.00355,2160.5,218.38,12.165,11.393,142.91,11.991,40,0.99984,1.5511,70.121,3.8841,2.8653,1.2677,123.17,5.3678,0.99946,3.1144,5.0999,1.2348,1.2348,0.0035508,0.49469,72.179,0.074368,48.139,51.61,0.13806,94.096,0.70492,0.006993,0.99954,99.749,63.726,17.678,0.0035503,0.43724,41.63,5.3678,0.59772,15.118,40.054
1.368e+05,0.93231,3.2889,0.5,0.00355,2160.5,218.37,12.165,11.393,142.91,11.991,40,0.99984,1.5517,70.121,3.8838,2.8653,1.2679,123.19,5.3681,0.99946,3.1142,5.0997,1.2348,1.2348,0.0035542,0.49469,72.177,0.074373,48.153,51.61,0.13807,94.093,0.70498,0.0069932,0.99954,99.763,63.728,17.679,0.0035537,0.43731,41.637,5.3681,0.59772,15.118,40.055
1.3824e+05,0.93238,3.2889,0.5,0.00355,2160.5,218.36,12.165,11.393,142.91,11.991,40,0.99984,1.5524,70.121,3.8835,2.8653,1.2682,123.21,5.3683,0.99947,3.1141,5.0995,1.2348,1.2348,0.0035576,0.49469,72.176,0.074379,48.167,51.61,0.13809,94.09,0.70503,0.0069933,0.99955,99.777,63.729,17.681,0.003557,0.43738,41.644,5.3683,0.59771,15.118,40.055
1.3968e+05,0.93245,3.2888,0.5,0.00355,2160.5,218.35,12.166,11.393,142.91,11.991,40,0.99984,1.553,70.12,3.8832,2.8654,1.2684,123.23,5.3686,0.99947,3.1139,5.0993,1.2348,1.2348,0.0035609,0.49469,72.175,0.074384,48.181,51.61,0.1381,94.087,0.70509,0.0069934,0.99955,99.791,63.73,17.682,0.0035603,0.43745,41.65,5.3686,0.59771,15.118,40.056
1.4112e+05,0.93252,3.2888,0.5,0.00355,2160.5,218.34,12.166,11.393,142.91,11.991,40,0.99984,1.5536,70.12,3.8829,2.8654,1.2687,123.25,5.3689,0.99948,3.1138,5.0991,1.2349,1.2349,0.0035642,0.49469,72.173,0.074389,48.195,51.61,0.13811,94.084,0.70514,0.0069936,0.99956,99.805,63.731,17.683,0.0035636,0.43752,41.657,5.3689,0.59771,15.117,40.057
1.4256e+05,0.93259,3.2887,0.5,0.00355,2160.5,218.33,12.166,11.393,142.91,11.991,40,0.99985,1.5542,70.12,3.8826,2.8654,1.2689,123.27,5.3692,0.99949,3.1136,5.0989,1.2349,1.2349,0.0035674,0.49469,72.172,0.074394,48.209,51.61,0.13812,94.081,0.70519,0.0069937,0.99956,99.819,63.733,17.685,0.0035669,0.43759,41.664,5.3692,0.5977,15.117,40.058
1.44e+05,0.93266,3.2887,0.5,0.00355,2160.5,218.32,12.166,11.393,142.91,11.991,40,0.99985,1.5547,70.119,3.8823,2.8654,1.2692,123.28,5.3695,0.99949,3.1135,5.0987,1.2349,1.2349,0.0035706,0.49469,72.171,0.0744,48.222,51.61,0.13813,94.078,0.70525,0.0069939,0.99957,99.832,63.734,17.686,0.0035701,0.43766,41.671,5.3695,0.5977,15.117,40.059
1.4544e+05,0.93273,3.2886,0.5,0.00355,2160.5,218.31,12.166,11.393,142.92,11.991,40,0.99985,1.5553,70.119,3.8821,2.8654,1.2694,123.3,5.3697,0.9995,3.1134,5.0985,1.2349,1.2349,0.0035738,0.49469,72.17,0.074405,48.236,51.61,0.13814,94.075,0.70529,0.006994,0.99957,99.846,63.735,17.687,0.0035733,0.43773,41.677,5.3697,0.5977,15.117,40.059
1.4688e+05,0.93279,3.2886,0.5,0.00355,2160.5,218.3,12.166,11.393,142.92,11.991,40,0.99985,1.5559,70.119,3.8818,2.8654,1.2697,123.32,5.37,0.9995,3.1133,5.0984,1.235,1.235,0.003577,0.49468,72.168,0.07441,48.249,51.61,0.13815,94.072,0.70534,0.0069942,0.99958,99.859,63.736,17.689,0.0035764,0.43779,41.684,5.37,0.5977,15.117,40.06
1.4832e+05,0.93286,3.2886,0.5,0.00355,2160.5,218.29,12.166,11.393,142.92,11.991,40,0.99985,1.5565,70.118,3.8816,2.8654,1.2699,123.34,5.3703,0.99951,3.1132,5.0982,1.235,1.235,0.0035801,0.49468,72.167,0.074414,48.262,51.61,0.13816,94.069,0.70539,0.0069943,0.99958,99.872,63.737,17.69,0.0035796,0.43786,41.69,5.3703,0.59769,15.117,40.061
1.4976e+05,0.93292,3.2885,0.5,0.00355,2160.5,218.28,12.166,11.393,142.92,11.991,40,0.99985,1.557,70.118,3.8813,2.8654,1.2701,123.36,5.3705,0.99951,3.1131,5.0981,1.235,1.235,0.0035832,0.49468,72.166,0.074419,48.275,51.61,0.13817,94.066,0.70543,0.0069944,0.99959,99.885,63.738,17.691,0.0035827,0.43792,41.696,5.3705,0.59769,15.117,40.062
1.512e+05,0.93299,3.2885,0.5,0.00355,2160.5,218.27,12.166,11.393,142.92,11.991,40,0.99986,1.5576,70.118,3.8811,2.8654,1.2704,123.38,5.3708,0.99952,3.113,5.0979,1.235,1.235,0.0035863,0.49468,72.165,0.074424,48.288,51.61,0.13818,94.063,0.70548,0.0069946,0.99959,99.898,63.74,17.692,0.0035857,0.43799,41.703,5.3708,0.59769,15.117,40.062
1.5264e+05,0.93305,3.2884,0.5,0.00355,2160.5,218.27,12.165,11.393,142.92,11.991,40,0.99986,1.5581,70.118,3.8808,2.8654,1.2706,123.39,5.3711,0.99952,3.1129,5.0977,1.235,1.235,0.0035893,0.49468,72.164,0.074429,48.3,51.61,0.13819,94.06,0.70552,0.0069947,0.9996,99.91,63.741,17.694,0.0035888,0.43805,41.709,5.3711,0.59769,15.116,40.063
1.5408e+05,0.93311,3.2884,0.5,0.00355,2160.5,218.26,12.165,11.393,142.92,11.991,40,0.99986,1.5587,70.117,3.8806,2.8654,1.2708,123.41,5.3713,0.99953,3.1128,5.0976,1.2351,1.2351,0.0035923,0.49468,72.163,0.074433,48.313,51.61,0.1382,94.058,0.70556,0.0069949,0.9996,99.923,63.742,17.695,0.0035918,0.43811,41.715,5.3713,0.59769,15.116,40.064
1.5552e+05,0.93317,3.2884,0.5,0.00355,2160.5,218.25,12.165,11.393,142.92,11.991,40,0.99986,1.5592,70.117,3.8804,2.8654,1.2711,123.43,5.3716,0.99953,3.1127,5.0975,1.2351,1.2351,0.0035953,0.49468,72.162,0.074438,48.325,51.61,0.13821,94.055,0.7056,0.006995,0.9996,99.935,63.743,17.696,0.0035947,0.43817,41.721,5.3716,0.59769,15.116,40.065
1.5696e+05,0.93323,3.2883,0.5,0.00355,2160.5,218.24,12.165,11.393,142.92,11.991,40,0.99986,1.5597,70.117,3.8802,2.8654,1.2713,123.45,5.3718,0.99954,3.1126,5.0973,1.2351,1.2351,0.0035982,0.49468,72.161,0.074442,48.338,51.61,0.13822,94.052,0.70564,0.0069951,0.99961,99.948,63.744,17.697,0.0035977,0.43823,41.727,5.3718,0.59768,15.116,40.065
1.584e+05,0.9333,3.2883,0.5,0.00355,2160.5,218.24,12.165,11.393,142.93,11.991,40,0.99986,1.5603,70.116,3.88,2.8654,1.2715,123.46,5.3721,0.99954,3.1125,5.0972,1.2351,1.2351,0.0036011,0.49467,72.16,0.074447,48.35,51.61,0.13823,94.049,0.70567,0.0069953,0.99961,99.96,63.745,17.699,0.0036006,0.4383,41.733,5.3721,0.59768,15.116,40.066
1.5984e+05,0.93336,3.2883,0.5,0.00355,2160.5,218.23,12.165,11.393,142.93,11.991,40,0.99986,1.5608,70.116,3.8798,2.8655,1.2717,123.48,5.3723,0.99955,3.1124,5.0971,1.2352,1.2352,0.003604,0.49467,72.159,0.074451,48.362,51.61,0.13824,94.047,0.70571,0.0069954,0.99962,99.972,63.746,17.7,0.0036035,0.43836,41.739,5.3723,0.59768,15.116,40.067
1.6128e+05,0.93342,3.2882,0.5,0.00355,2160.5,218.23,12.165,11.393,142.93,11.991,40,0.99987,1.5613,70.116,3.8796,2.8655,1.2719,123.5,5.3726,0.99955,3.1124,5.0969,1.2352,1.2352,0.0036069,0.49467,72.158,0.074456,48.374,51.61,0.13824,94.044,0.70575,0.0069955,0.99962,99.984,63.747,17.701,0.0036063,0.43842,41.745,5.3726,0.59768,15.116,40.068
1.6272e+05,0.93347,3.2882,0.5,0.00355,2160.5,218.22,12.165,11.393,142.93,11.991,40,0.99987,1.5618,70.116,3.8794,2.8655,1.2722,123.51,5.3728,0.99956,3.1123,5.0968,1.2352,1.2352,0.0036097,0.49467,72.157,0.07446,48.386,51.61,0.13825,94.041,0.70578,0.0069957,0.99963,99.995,63.748,17.702,0.0036092,0.43847,41.75,5.3728,0.59768,15.116,40.068
1.6416e+05,0.93353,3.2882,0.5,0.00355,2160.5,218.21,12.165,11.393,142.93,11.991,40,0.99987,1.5623,70.115,3.8792,2.8655,1.2724,123.53,5.3731,0.99956,3.1122,5.0967,1.2352,1.2352,0.0036125,0.49467,72.156,0.074464,48.397,51.61,0.13826,94.038,0.70581,0.0069958,0.99963,100.01,63.749,17.703,0.003612,0.43853,41.756,5.3731,0.59768,15.116,40.069
1.656e+05,0.93359,3.2881,0.5,0.00355,2160.5,218.21,12.165,11.393,142.93,11.991,40,0.99987,1.5628,70.115,3.879,2.8655,1.2726,123.55,5.3733,0.99957,3.1121,5.0966,1.2352,1.2352,0.0036153,0.49467,72.155,0.074468,48.409,51.61,0.13827,94.036,0.70584,0.0069959,0.99963,100.02,63.75,17.704,0.0036148,0.43859,41.762,5.3733,0.59768,15.116,40.07
1.6704e+05,0.93365,3.2881,0.5,0.00355,2160.5,218.2,12.165,11.393,142.93,11.991,40,0.99987,1.5633,70.115,3.8789,2.8655,1.2728,123.56,5.3735,0.99957,3.1121,5.0965,1.2353,1.2353,0.003618,0.49467,72.155,0.074472,48.42,51.61,0.13828,94.033,0.70587,0.006996,0.99964,100.03,63.751,17.706,0.0036175,0.43865,41.767,5.3735,0.59768,15.116,40.071
1.6848e+05,0.9337,3.2881,0.5,0.00355,2160.5,218.2,12.165,11.393,142.93,11.991,40,0.99987,1.5638,70.115,3.8787,2.8655,1.273,123.58,5.3738,0.99958,3.112,5.0964,1.2353,1.2353,0.0036207,0.49467,72.154,0.074476,48.432,51.61,0.13829,94.031,0.7059,0.0069961,0.99964,100.04,63.752,17.707,0.0036202,0.4387,41.773,5.3738,0.59767,15.116,40.071
1.6992e+05,0.93376,3.288,0.5,0.00355,2160.5,218.19,12.165,11.393,142.93,11.991,40,0.99987,1.5643,70.114,3.8786,2.8655,1.2732,123.59,5.374,0.99958,3.112,5.0963,1.2353,1.2353,0.0036234,0.49466,72.153,0.07448,48.443,51.61,0.1383,94.028,0.70593,0.0069963,0.99965,100.05,63.754,17.708,0.0036229,0.43876,41.778,5.374,0.59767,15.115,40.072
1.7136e+05,0.93382,3.288,0.5,0.00355,2160.5,218.19,12.165,11.393,142.93,11.991,40,0.99988,1.5648,70.114,3.8784,2.8655,1.2734,123.61,5.3742,0.99959,3.1119,5.0962,1.2353,1.2353,0.0036261,0.49466,72.152,0.074484,48.454,51.61,0.13831,94.025,0.70596,0.0069964,0.99965,100.06,63.755,17.709,0.0036256,0.43882,41.784,5.3742,0.59767,15.115,40.073
1.728e+05,0.93387,3.288,0.5,0.00355,2160.5,218.18,12.165,11.393,142.94,11.991,40,0.99988,1.5653,70.114,3.8782,2.8655,1.2736,123.63,5.3744,0.99959,3.1119,5.0961,1.2353,1.2353,0.0036287,0.49466,72.152,0.074488,48.465,51.61,0.13831,94.023,0.70599,0.0069965,0.99965,100.07,63.755,17.71,0.0036282,0.43887,41.789,5.3744,0.59767,15.115,40.073
1.7424e+05,0.93393,3.288,0.5,0.00355,2160.5,218.18,12.165,11.393,142.94,11.991,40,0.99988,1.5658,70.114,3.8781,2.8655,1.2738,123.64,5.3747,0.9996,3.1118,5.096,1.2354,1.2354,0.0036313,0.49466,72.151,0.074492,48.476,51.61,0.13832,94.02,0.70602,0.0069966,0.99966,100.09,63.756,17.711,0.0036308,0.43893,41.794,5.3747,0.59767,15.115,40.074
1.7568e+05,0.93398,3.2879,0.5,0.00355,2160.5,218.18,12.165,11.393,142.94,11.991,40,0.99988,1.5662,70.113,3.878,2.8655,1.274,123.66,5.3749,0.9996,3.1118,5.0959,1.2354,1.2354,0.0036339,0.49466,72.15,0.074496,48.486,51.61,0.13833,94.018,0.70604,0.0069967,0.99966,100.1,63.757,17.712,0.0036334,0.43898,41.8,5.3749,0.59767,15.115,40.075
1.7712e+05,0.93403,3.2879,0.5,0.00355,2160.5,218.17,12.164,11.393,142.94,11.991,40,0.99988,1.5667,70.113,3.8778,2.8655,1.2742,123.67,5.3751,0.9996,3.1117,5.0958,1.2354,1.2354,0.0036365,0.49466,72.149,0.0745,48.497,51.61,0.13834,94.015,0.70607,0.0069968,0.99966,100.11,63.758,17.713,0.003636,0.43903,41.805,5.3751,0.59767,15.115,40.075
1.7856e+05,0.93409,3.2879,0.5,0.00355,2160.6,218.17,12.164,11.393,142.94,11.991,40,0.99988,1.5672,70.113,3.8777,2.8655,1.2744,123.69,5.3753,0.99961,3.1117,5.0957,1.2354,1.2354,0.003639,0.49466,72.149,0.074503,48.508,51.61,0.13835,94.013,0.70609,0.0069969,0.99967,100.12,63.759,17.714,0.0036385,0.43909,41.81,5.3753,0.59767,15.115,40.076
1.8e+05,0.93414,3.2879,0.5,0.00355,2160.6,218.17,12.164,11.393,142.94,11.991,40,0.99988,1.5676,70.113,3.8776,2.8655,1.2746,123.7,5.3755,0.99961,3.1117,5.0956,1.2354,1.2354,0.0036415,0.49466,72.148,0.074507,48.518,51.61,0.13836,94.011,0.70611,0.006997,0.99967,100.13,63.76,17.715,0.003641,0.43914,41.815,5.3755,0.59767,15.115,40.077
1.8144e+05,0.93419,3.2879,0.5,0.00355,2160.6,218.16,12.164,11.393,142.94,11.991,40,0.99988,1.5681,70.112,3.8774,2.8655,1.2748,123.72,5.3758,0.99962,3.1116,5.0956,1.2354,1.2354,0.003644,0.49466,72.148,0.074511,48.528,51.61,0.13836,94.008,0.70614,0.0069971,0.99967,100.14,63.761,17.716,0.0036435,0.43919,41.82,5.3758,0.59767,15.115,40.078
1.8288e+05,0.93424,3.2878,0.5,0.00355,2160.6,218.16,12.164,11.393,142.94,11.991,40,0.99989,1.5685,70.112,3.8773,2.8656,1.2749,123.73,5.376,0.99962,3.1116,5.0955,1.2355,1.2355,0.0036465,0.49465,72.147,0.074514,48.539,51.61,0.13837,94.006,0.70616,0.0069972,0.99968,100.15,63.762,17.717,0.003646,0.43924,41.825,5.376,0.59767,15.115,40.078
1.8432e+05,0.93429,3.2878,0.5,0.00355,2160.6,218.16,12.164,11.393,142.94,11.991,40,0.99989,1.5689,70.112,3.8772,2.8656,1.2751,123.74,5.3762,0.99962,3.1116,5.0954,1.2355,1.2355,0.0036489,0.49465,72.146,0.074518,48.549,51.61,0.13838,94.003,0.70618,0.0069973,0.99968,100.16,63.763,17.718,0.0036484,0.43929,41.83,5.3762,0.59767,15.115,40.079
1.8576e+05,0.93434,3.2878,0.5,0.00355,2160.6,218.16,12.164,11.393,142.94,11.991,40,0.99989,1.5694,70.112,3.8771,2.8656,1.2753,123.76,5.3764,0.99963,3.1115,5.0953,1.2355,1.2355,0.0036513,0.49465,72.146,0.074521,48.559,51.61,0.13839,94.001,0.7062,0.0069974,0.99968,100.17,63.764,17.719,0.0036509,0.43934,41.835,5.3764,0.59767,15.115,40.08
1.872e+05,0.93439,3.2878,0.5,0.00355,2160.6,218.15,12.164,11.393,142.94,11.991,40,0.99989,1.5698,70.112,3.877,2.8656,1.2755,123.77,5.3766,0.99963,3.1115,5.0953,1.2355,1.2355,0.0036537,0.49465,72.145,0.074525,48.569,51.61,0.13839,93.999,0.70622,0.0069975,0.99969,100.18,63.765,17.72,0.0036533,0.43939,41.84,5.3766,0.59767,15.115,40.08
1.8864e+05,0.93444,3.2878,0.5,0.00355,2160.6,218.15,12.164,11.393,142.95,11.991,40,0.99989,1.5703,70.111,3.8769,2.8656,1.2757,123.79,5.3768,0.99964,3.1115,5.0952,1.2355,1.2355,0.0036561,0.49465,72.145,0.074528,48.579,51.61,0.1384,93.996,0.70624,0.0069976,0.99969,100.19,63.766,17.721,0.0036556,0.43944,41.845,5.3768,0.59767,15.115,40.081
1.9008e+05,0.93449,3.2877,0.5,0.00355,2160.6,218.15,12.164,11.393,142.95,11.991,40,0.99989,1.5707,70.111,3.8768,2.8656,1.2759,123.8,5.377,0.99964,3.1115,5.0951,1.2355,1.2355,0.0036584,0.49465,72.144,0.074531,48.588,51.61,0.13841,93.994,0.70626,0.0069977,0.99969,100.2,63.767,17.722,0.003658,0.43949,41.849,5.377,0.59767,15.115,40.082
1.9152e+05,0.93454,3.2877,0.5,0.00355,2160.6,218.15,12.164,11.393,142.95,11.991,40,0.99989,1.5711,70.111,3.8767,2.8656,1.276,123.81,5.3772,0.99964,3.1114,5.0951,1.2356,1.2356,0.0036608,0.49465,72.144,0.074535,48.598,51.61,0.13842,93.992,0.70627,0.0069978,0.9997,100.21,63.768,17.723,0.0036603,0.43954,41.854,5.3772,0.59767,15.115,40.082
1.9296e+05,0.93459,3.2877,0.5,0.00355,2160.6,218.14,12.164,11.393,142.95,11.991,40,0.99989,1.5715,70.111,3.8766,2.8656,1.2762,123.83,5.3774,0.99965,3.1114,5.095,1.2356,1.2356,0.0036631,0.49465,72.143,0.074538,48.608,51.61,0.13842,93.99,0.70629,0.0069979,0.9997,100.22,63.768,17.724,0.0036626,0.43959,41.859,5.3774,0.59767,15.115,40.083
1.944e+05,0.93463,3.2877,0.5,0.00355,2160.7,218.14,12.164,11.393,142.95,11.991,40,0.9999,1.5719,70.111,3.8765,2.8656,1.2764,123.84,5.3776,0.99965,3.1114,5.095,1.2356,1.2356,0.0036653,0.49465,72.143,0.074541,48.617,51.61,0.13843,93.987,0.70631,0.006998,0.9997,100.23,63.769,17.725,0.0036649,0.43963,41.863,5.3776,0.59767,15.115,40.083
1.9584e+05,0.93468,3.2877,0.5,0.00355,2160.7,218.14,12.163,11.393,142.95,11.991,40,0.9999,1.5723,70.11,3.8764,2.8656,1.2766,123.85,5.3778,0.99965,3.1114,5.0949,1.2356,1.2356,0.0036676,0.49465,72.142,0.074544,48.626,51.61,0.13844,93.985,0.70632,0.0069981,0.99971,100.24,63.77,17.726,0.0036671,0.43968,41.868,5.3778,0.59767,15.115,40.084
1.9728e+05,0.93473,3.2877,0.5,0.00355,2160.7,218.14,12.163,11.393,142.95,11.991,40,0.9999,1.5727,70.11,3.8763,2.8656,1.2767,123.87,5.378,0.99966,3.1114,5.0948,1.2356,1.2356,0.0036698,0.49464,72.142,0.074547,48.636,51.61,0.13845,93.983,0.70634,0.0069982,0.99971,100.25,63.771,17.727,0.0036694,0.43973,41.873,5.378,0.59767,15.115,40.085
1.9872e+05,0.93477,3.2877,0.5,0.00355,2160.7,218.14,12.163,11.393,142.95,11.991,40,0.9999,1.5731,70.11,3.8762,2.8656,1.2769,123.88,5.3782,0.99966,3.1114,5.0948,1.2356,1.2356,0.003672,0.49464,72.141,0.07455,48.645,51.61,0.13845,93.981,0.70635,0.0069982,0.99971,100.25,63.772,17.728,0.0036716,0.43977,41.877,5.3782,0.59767,15.115,40.085
2.0016e+05,0.93482,3.2876,0.5,0.00355,2160.7,218.14,12.163,11.393,142.95,11.991,40,0.9999,1.5735,70.11,3.8762,2.8656,1.2771,123.89,5.3783,0.99967,3.1114,5.0947,1.2357,1.2357,0.0036742,0.49464,72.141,0.074553,48.654,51.61,0.13846,93.979,0.70637,0.0069983,0.99972,100.26,63.773,17.729,0.0036738,0.43982,41.881,5.3783,0.59767,15.115,40.086
2.016e+05,0.93486,3.2876,0.5,0.00355,2160.7,218.14,12.163,11.393,142.95,11.991,40,0.9999,1.5739,70.11,3.8761,2.8656,1.2772,123.91,5.3785,0.99967,3.1114,5.0947,1.2357,1.2357,0.0036764,0.49464,72.14,0.074557,48.663,51.61,0.13847,93.977,0.70638,0.0069984,0.99972,100.27,63.773,17.73,0.003676,0.43986,41.886,5.3785,0.59767,15.115,40.087
2.0304e+05,0.93491,3.2876,0.5,0.00355,2160.7,218.14,12.163,11.393,142.95,11.991,40,0.9999,1.5743,70.11,3.876,2.8656,1.2774,123.92,5.3787,0.99967,3.1113,5.0947,1.2357,1.2357,0.0036785,0.49464,72.14,0.07456,48.672,51.61,0.13847,93.974,0.7064,0.0069985,0.99972,100.28,63.774,17.73,0.0036781,0.43991,41.89,5.3787,0.59767,15.115,40.087
2.0448e+05,0.93495,3.2876,0.5,0.00355,2160.7,218.13,12.163,11.393,142.95,11.991,40,0.9999,1.5747,70.109,3.8759,2.8656,1.2776,123.93,5.3789,0.99968,3.1113,5.0946,1.2357,1.2357,0.0036807,0.49464,72.139,0.074562,48.681,51.61,0.13848,93.972,0.70641,0.0069985,0.99972,100.29,63.775,17.731,0.0036802,0.43995,41.895,5.3789,0.59767,15.115,40.088
2.0592e+05,0.935,3.2876,0.5,0.00355,2160.7,218.13,12.163,11.393,142.96,11.991,40,0.9999,1.5751,70.109,3.8759,2.8656,1.2777,123.94,5.3791,0.99968,3.1113,5.0946,1.2357,1.2357,0.0036828,0.49464,72.139,0.074565,48.689,51.61,0.13849,93.97,0.70642,0.0069986,0.99973,100.3,63.776,17.732,0.0036824,0.44,41.899,5.3791,0.59767,15.115,40.089
2.0736e+05,0.93504,3.2876,0.5,0.00355,2160.8,218.13,12.163,11.393,142.96,11.991,40,0.9999,1.5755,70.109,3.8758,2.8656,1.2779,123.95,5.3793,0.99968,3.1113,5.0945,1.2357,1.2357,0.0036849,0.49464,72.139,0.074568,48.698,51.61,0.13849,93.968,0.70643,0.0069987,0.99973,100.31,63.777,17.733,0.0036844,0.44004,41.903,5.3793,0.59767,15.115,40.089
2.088e+05,0.93508,3.2876,0.5,0.00355,2160.8,218.13,12.163,11.393,142.96,11.991,40,0.99991,1.5759,70.109,3.8757,2.8656,1.278,123.97,5.3794,0.99969,3.1113,5.0945,1.2358,1.2358,0.0036869,0.49464,72.138,0.074571,48.707,51.61,0.1385,93.966,0.70645,0.0069988,0.99973,100.32,63.777,17.734,0.0036865,0.44008,41.907,5.3794,0.59767,15.115,40.09
2.1024e+05,0.93513,3.2876,0.5,0.00355,2160.8,218.13,12.163,11.393,142.96,11.991,40,0.99991,1.5762,70.109,3.8757,2.8657,1.2782,123.98,5.3796,0.99969,3.1113,5.0944,1.2358,1.2358,0.003689,0.49464,72.138,0.074574,48.715,51.61,0.13851,93.964,0.70646,0.0069988,0.99974,100.32,63.778,17.735,0.0036886,0.44013,41.911,5.3796,0.59767,15.115,40.09
2.1168e+05,0.93517,3.2875,0.5,0.00355,2160.8,218.13,12.163,11.393,142.96,11.991,40,0.99991,1.5766,70.109,3.8756,2.8657,1.2783,123.99,5.3798,0.99969,3.1113,5.0944,1.2358,1.2358,0.003691,0.49463,72.138,0.074577,48.723,51.61,0.13851,93.962,0.70647,0.0069989,0.99974,100.33,63.779,17.735,0.0036906,0.44017,41.915,5.3798,0.59767,15.115,40.091
2.1312e+05,0.93521,3.2875,0.5,0.00355,2160.8,218.13,12.162,11.393,142.96,11.991,40,0.99991,1.577,70.109,3.8756,2.8657,1.2785,124,5.38,0.99969,3.1113,5.0944,1.2358,1.2358,0.003693,0.49463,72.137,0.074579,48.732,51.61,0.13852,93.96,0.70648,0.006999,0.99974,100.34,63.78,17.736,0.0036926,0.44021,41.919,5.38,0.59767,15.115,40.092
2.1456e+05,0.93525,3.2875,0.5,0.00355,2160.8,218.13,12.162,11.393,142.96,11.991,40,0.99991,1.5773,70.108,3.8755,2.8657,1.2786,124.01,5.3801,0.9997,3.1113,5.0943,1.2358,1.2358,0.003695,0.49463,72.137,0.074582,48.74,51.61,0.13853,93.958,0.70649,0.006999,0.99974,100.35,63.781,17.737,0.0036946,0.44025,41.923,5.3801,0.59767,15.115,40.092
2.16e+05,0.93529,3.2875,0.5,0.00355,2160.8,218.13,12.162,11.393,142.96,11.991,40,0.99991,1.5777,70.108,3.8755,2.8657,1.2788,124.03,5.3803,0.9997,3.1113,5.0943,1.2358,1.2358,0.003697,0.49463,72.137,0.074585,48.748,51.61,0.13853,93.956,0.7065,0.0069991,0.99975,100.36,63.781,17.738,0.0036966,0.44029,41.927,5.3803,0.59767,15.115,40.093
2.1744e+05,0.93533,3.2875,0.5,0.00355,2160.8,218.13,12.162,11.393,142.96,11.991,40,0.99991,1.578,70.108,3.8754,2.8657,1.2789,124.04,5.3805,0.9997,3.1114,5.0943,1.2358,1.2358,0.0036989,0.49463,72.136,0.074588,48.756,51.61,0.13854,93.954,0.70651,0.0069991,0.99975,100.37,63.782,17.739,0.0036985,0.44033,41.931,5.3805,0.59767,15.115,40.093
2.1888e+05,0.93537,3.2875,0.5,0.00355,2160.8,218.13,12.162,11.393,142.96,11.991,40,0.99991,1.5784,70.108,3.8754,2.8657,1.2791,124.05,5.3806,0.99971,3.1114,5.0943,1.2359,1.2359,0.0037009,0.49463,72.136,0.07459,48.764,51.61,0.13855,93.952,0.70652,0.0069992,0.99975,100.37,63.783,17.74,0.0037005,0.44037,41.935,5.3806,0.59767,15.115,40.094
2.2032e+05,0.93541,3.2875,0.5,0.00355,2160.9,218.13,12.162,11.393,142.96,11.991,40,0.99991,1.5787,70.108,3.8753,2.8657,1.2792,124.06,5.3808,0.99971,3.1114,5.0942,1.2359,1.2359,0.0037028,0.49463,72.136,0.074593,48.772,51.61,0.13855,93.95,0.70653,0.0069993,0.99975,100.38,63.783,17.74,0.0037024,0.44041,41.939,5.3808,0.59767,15.115,40.094
2.2176e+05,0.93545,3.2875,0.5,0.00355,2160.9,218.13,12.162,11.393,142.96,11.991,40,0.99991,1.5791,70.108,3.8753,2.8657,1.2794,124.07,5.381,0.99971,3.1114,5.0942,1.2359,1.2359,0.0037047,0.49463,72.135,0.074595,48.78,51.61,0.13856,93.948,0.70653,0.0069993,0.99976,100.39,63.784,17.741,0.0037043,0.44045,41.943,5.381,0.59767,15.115,40.095
2.232e+05,0.93549,3.2875,0.5,0.00355,2160.9,218.13,12.162,11.393,142.96,11.991,40,0.99991,1.5794,70.108,3.8752,2.8657,1.2795,124.08,5.3811,0.99972,3.1114,5.0942,1.2359,1.2359,0.0037066,0.49463,72.135,0.074598,48.788,51.61,0.13856,93.947,0.70654,0.0069994,0.99976,100.4,63.785,17.742,0.0037062,0.44049,41.947,5.3811,0.59767,15.115,40.096
2.2464e+05,0.93553,3.2875,0.5,0.00355,2160.9,218.13,12.162,11.393,142.96,11.991,40,0.99992,1.5798,70.108,3.8752,2.8657,1.2797,124.09,5.3813,0.99972,3.1114,5.0941,1.2359,1.2359,0.0037084,0.49463,72.135,0.0746,48.795,51.61,0.13857,93.945,0.70655,0.0069994,0.99976,100.41,63.786,17.743,0.003708,0.44053,41.95,5.3813,0.59767,15.115,40.096
2.2608e+05,0.93557,3.2875,0.5,0.00355,2160.9,218.13,12.162,11.393,142.97,11.991,40,0.99992,1.5801,70.107,3.8751,2.8657,1.2798,124.1,5.3814,0.99972,3.1114,5.0941,1.2359,1.2359,0.0037103,0.49463,72.135,0.074603,48.803,51.61,0.13858,93.943,0.70656,0.0069995,0.99976,100.41,63.786,17.743,0.0037099,0.44057,41.954,5.3814,0.59767,15.115,40.097
2.2752e+05,0.93561,3.2874,0.5,0.00355,2160.9,218.13,12.162,11.393,142.97,11.991,40,0.99992,1.5804,70.107,3.8751,2.8657,1.2799,124.11,5.3816,0.99972,3.1114,5.0941,1.2359,1.2359,0.0037121,0.49462,72.134,0.074605,48.811,51.61,0.13858,93.941,0.70656,0.0069995,0.99977,100.42,63.787,17.744,0.0037117,0.44061,41.958,5.3816,0.59767,15.115,40.097
2.2896e+05,0.93564,3.2874,0.5,0.00355,2160.9,218.13,12.162,11.393,142.97,11.991,40,0.99992,1.5808,70.107,3.8751,2.8657,1.2801,124.12,5.3818,0.99973,3.1114,5.0941,1.236,1.236,0.0037139,0.49462,72.134,0.074608,48.818,51.61,0.13859,93.939,0.70657,0.0069996,0.99977,100.43,63.788,17.745,0.0037135,0.44064,41.962,5.3818,0.59767,15.115,40.098
2.304e+05,0.93568,3.2874,0.5,0.00355,2160.9,218.13,12.162,11.393,142.97,11.991,40,0.99992,1.5811,70.107,3.875,2.8657,1.2802,124.14,5.3819,0.99973,3.1114,5.0941,1.236,1.236,0.0037157,0.49462,72.134,0.07461,48.825,51.61,0.13859,93.937,0.70658,0.0069996,0.99977,100.44,63.788,17.746,0.0037153,0.44068,41.965,5.3819,0.59767,15.115,40.098
2.3184e+05,0.93572,3.2874,0.5,0.00355,2161,218.14,12.161,11.393,142.97,11.991,40,0.99992,1.5814,70.107,3.875,2.8657,1.2804,124.15,5.3821,0.99973,3.1115,5.094,1.236,1.236,0.0037175,0.49462,72.134,0.074612,48.833,51.61,0.1386,93.936,0.70658,0.0069997,0.99977,100.44,63.789,17.746,0.0037171,0.44072,41.969,5.3821,0.59767,15.115,40.099
2.3328e+05,0.93575,3.2874,0.5,0.00355,2161,218.14,12.161,11.393,142.97,11.991,40,0.99992,1.5817,70.107,3.875,2.8657,1.2805,124.16,5.3822,0.99974,3.1115,5.094,1.236,1.236,0.0037192,0.49462,72.133,0.074615,48.84,51.61,0.1386,93.934,0.70659,0.0069997,0.99977,100.45,63.79,17.747,0.0037188,0.44075,41.972,5.3822,0.59767,15.115,40.099
2.3472e+05,0.93579,3.2874,0.5,0.00355,2161,218.14,12.161,11.393,142.97,11.991,40,0.99992,1.582,70.107,3.8749,2.8657,1.2806,124.17,5.3824,0.99974,3.1115,5.094,1.236,1.236,0.003721,0.49462,72.133,0.074617,48.847,51.61,0.13861,93.932,0.70659,0.0069998,0.99978,100.46,63.79,17.748,0.0037206,0.44079,41.976,5.3824,0.59767,15.115,40.1
2.3616e+05,0.93583,3.2874,0.5,0.00355,2161,218.14,12.161,11.393,142.97,11.991,40,0.99992,1.5824,70.107,3.8749,2.8657,1.2807,124.18,5.3825,0.99974,3.1115,5.094,1.236,1.236,0.0037227,0.49462,72.133,0.074619,48.854,51.61,0.13862,93.93,0.7066,0.0069998,0.99978,100.46,63.791,17.748,0.0037223,0.44083,41.979,5.3825,0.59767,15.115,40.1
2.376e+05,0.93586,3.2874,0.5,0.00355,2161,218.14,12.161,11.393,142.97,11.991,40,0.99992,1.5827,70.107,3.8749,2.8657,1.2809,124.19,5.3827,0.99974,3.1115,5.094,1.236,1.236,0.0037244,0.49462,72.133,0.074622,48.861,51.61,0.13862,93.929,0.70661,0.0069998,0.99978,100.47,63.792,17.749,0.003724,0.44086,41.983,5.3827,0.59768,15.115,40.101
2.3904e+05,0.9359,3.2874,0.5,0.00355,2161,218.14,12.161,11.393,142.97,11.991,40,0.99992,1.583,70.107,3.8748,2.8657,1.281,124.2,5.3828,0.99975,3.1115,5.094,1.236,1.236,0.0037261,0.49462,72.132,0.074624,48.868,51.61,0.13863,93.927,0.70661,0.0069999,0.99978,100.48,63.792,17.75,0.0037257,0.4409,41.986,5.3828,0.59768,15.115,40.102
2.4048e+05,0.93593,3.2874,0.5,0.00355,2161,218.14,12.161,11.393,142.97,11.991,40,0.99992,1.5833,70.107,3.8748,2.8657,1.2811,124.21,5.3829,0.99975,3.1116,5.0939,1.2361,1.2361,0.0037277,0.49462,72.132,0.074626,48.875,51.61,0.13863,93.925,0.70661,0.0069999,0.99979,100.49,63.793,17.751,0.0037274,0.44093,41.989,5.3829,0.59768,15.115,40.102
2.4192e+05,0.93597,3.2874,0.5,0.00355,2161,218.14,12.161,11.393,142.97,11.991,40,0.99993,1.5836,70.106,3.8748,2.8657,1.2813,124.22,5.3831,0.99975,3.1116,5.0939,1.2361,1.2361,0.0037294,0.49462,72.132,0.074628,48.882,51.61,0.13864,93.924,0.70662,0.007,0.99979,100.49,63.794,17.751,0.003729,0.44097,41.993,5.3831,0.59768,15.115,40.103
2.4336e+05,0.936,3.2874,0.5,0.00355,2161,218.14,12.161,11.393,142.97,11.991,40,0.99993,1.5839,70.106,3.8748,2.8658,1.2814,124.23,5.3832,0.99975,3.1116,5.0939,1.2361,1.2361,0.003731,0.49462,72.132,0.07463,48.889,51.61,0.13864,93.922,0.70662,0.007,0.99979,100.5,63.794,17.752,0.0037307,0.441,41.996,5.3832,0.59768,15.115,40.103
2.448e+05,0.93603,3.2874,0.5,0.00355,2161.1,218.14,12.161,11.393,142.97,11.991,40,0.99993,1.5842,70.106,3.8747,2.8658,1.2815,124.23,5.3834,0.99976,3.1116,5.0939,1.2361,1.2361,0.0037327,0.49461,72.132,0.074633,48.895,51.61,0.13865,93.92,0.70663,0.007,0.99979,100.51,63.795,17.753,0.0037323,0.44103,41.999,5.3834,0.59768,15.115,40.104
2.4624e+05,0.93607,3.2874,0.5,0.00355,2161.1,218.15,12.161,11.393,142.97,11.991,40,0.99993,1.5845,70.106,3.8747,2.8658,1.2816,124.24,5.3835,0.99976,3.1116,5.0939,1.2361,1.2361,0.0037343,0.49461,72.131,0.074635,48.902,51.61,0.13865,93.919,0.70663,0.0070001,0.99979,100.51,63.796,17.753,0.0037339,0.44107,42.003,5.3835,0.59768,15.115,40.104
2.4768e+05,0.9361,3.2874,0.5,0.00355,2161.1,218.15,12.161,11.393,142.97,11.991,40,0.99993,1.5848,70.106,3.8747,2.8658,1.2818,124.25,5.3836,0.99976,3.1117,5.0939,1.2361,1.2361,0.0037359,0.49461,72.131,0.074637,48.909,51.61,0.13866,93.917,0.70664,0.0070001,0.9998,100.52,63.796,17.754,0.0037355,0.4411,42.006,5.3836,0.59768,15.115,40.105
2.4912e+05,0.93613,3.2874,0.5,0.00355,2161.1,218.15,12.161,11.393,142.97,11.991,40,0.99993,1.585,70.106,3.8747,2.8658,1.2819,124.26,5.3838,0.99976,3.1117,5.0939,1.2361,1.2361,0.0037375,0.49461,72.131,0.074639,48.915,51.61,0.13866,93.915,0.70664,0.0070001,0.9998,100.53,63.797,17.754,0.0037371,0.44113,42.009,5.3838,0.59768,15.115,40.105
2.5056e+05,0.93617,3.2874,0.5,0.00355,2161.1,218.15,12.161,11.393,142.98,11.991,40,0.99993,1.5853,70.106,3.8747,2.8658,1.282,124.27,5.3839,0.99976,3.1117,5.0939,1.2361,1.2361,0.003739,0.49461,72.131,0.074641,48.922,51.61,0.13867,93.914,0.70664,0.0070002,0.9998,100.53,63.798,17.755,0.0037387,0.44117,42.012,5.3839,0.59768,15.115,40.106
2.52e+05,0.9362,3.2874,0.5,0.00355,2161.1,218.15,12.16,11.393,142.98,11.991,40,0.99993,1.5856,70.106,3.8746,2.8658,1.2821,124.28,5.3841,0.99977,3.1117,5.0939,1.2362,1.2362,0.0037406,0.49461,72.131,0.074643,48.928,51.61,0.13867,93.912,0.70665,0.0070002,0.9998,100.54,63.798,17.756,0.0037403,0.4412,42.015,5.3841,0.59768,15.115,40.106
2.5344e+05,0.93623,3.2874,0.5,0.00355,2161.1,218.15,12.16,11.393,142.98,11.991,40,0.99993,1.5859,70.106,3.8746,2.8658,1.2822,124.29,5.3842,0.99977,3.1117,5.0938,1.2362,1.2362,0.0037421,0.49461,72.131,0.074645,48.934,51.61,0.13868,93.911,0.70665,0.0070002,0.9998,100.54,63.799,17.756,0.0037418,0.44123,42.018,5.3842,0.59768,15.115,40.107
2.5488e+05,0.93626,3.2874,0.5,0.00355,2161.1,218.15,12.16,11.393,142.98,11.991,40,0.99993,1.5862,70.106,3.8746,2.8658,1.2823,124.3,5.3843,0.99977,3.1118,5.0938,1.2362,1.2362,0.0037437,0.49461,72.13,0.074647,48.941,51.61,0.13868,93.909,0.70665,0.0070003,0.99981,100.55,63.799,17.757,0.0037433,0.44126,42.021,5.3843,0.59768,15.115,40.107
2.5632e+05,0.93629,3.2874,0.5,0.00355,2161.2,218.15,12.16,11.393,142.98,11.991,40,0.99993,1.5864,70.106,3.8746,2.8658,1.2825,124.31,5.3844,0.99977,3.1118,5.0938,1.2362,1.2362,0.0037452,0.49461,72.13,0.074649,48.947,51.61,0.13869,93.908,0.70665,0.0070003,0.99981,100.56,63.8,17.758,0.0037448,0.44129,42.024,5.3844,0.59768,15.115,40.108
2.5776e+05,0.93632,3.2874,0.5,0.00355,2161.2,218.16,12.16,11.393,142.98,11.991,40,0.99993,1.5867,70.106,3.8746,2.8658,1.2826,124.32,5.3846,0.99978,3.1118,5.0938,1.2362,1.2362,0.0037467,0.49461,72.13,0.074651,48.953,51.61,0.13869,93.906,0.70666,0.0070003,0.99981,100.56,63.8,17.758,0.0037463,0.44132,42.027,5.3846,0.59768,15.115,40.108
2.592e+05,0.93635,3.2874,0.5,0.00355,2161.2,218.16,12.16,11.393,142.98,11.991,40,0.99993,1.587,70.106,3.8746,2.8658,1.2827,124.33,5.3847,0.99978,3.1118,5.0938,1.2362,1.2362,0.0037481,0.49461,72.13,0.074653,48.959,51.61,0.1387,93.905,0.70666,0.0070003,0.99981,100.57,63.801,17.759,0.0037478,0.44135,42.03,5.3847,0.59768,15.115,40.108
2.6064e+05,0.93638,3.2873,0.5,0.00355,2161.2,218.16,12.16,11.393,142.98,11.991,40,0.99993,1.5873,70.106,3.8746,2.8658,1.2828,124.33,5.3848,0.99978,3.1119,5.0938,1.2362,1.2362,0.0037496,0.49461,72.13,0.074655,48.965,51.61,0.1387,93.903,0.70666,0.0070004,0.99981,100.58,63.802,17.759,0.0037493,0.44138,42.033,5.3848,0.59768,15.115,40.109
2.6208e+05,0.93642,3.2873,0.5,0.00355,2161.2,218.16,12.16,11.393,142.98,11.991,40,0.99993,1.5875,70.106,3.8745,2.8658,1.2829,124.34,5.385,0.99978,3.1119,5.0938,1.2362,1.2362,0.0037511,0.49461,72.13,0.074657,48.971,51.61,0.13871,93.902,0.70666,0.0070004,0.99982,100.58,63.802,17.76,0.0037507,0.44142,42.036,5.385,0.59768,15.115,40.109
2.6352e+05,0.93644,3.2873,0.5,0.00355,2161.2,218.16,12.16,11.393,142.98,11.991,40,0.99994,1.5878,70.105,3.8745,2.8658,1.283,124.35,5.3851,0.99978,3.1119,5.0938,1.2362,1.2362,0.0037525,0.49461,72.13,0.074658,48.977,51.61,0.13871,93.9,0.70666,0.0070004,0.99982,100.59,63.803,17.761,0.0037522,0.44144,42.039,5.3851,0.59768,15.115,40.11
2.6496e+05,0.93647,3.2873,0.5,0.00355,2161.2,218.16,12.16,11.393,142.98,11.991,40,0.99994,1.588,70.105,3.8745,2.8658,1.2831,124.36,5.3852,0.99979,3.1119,5.0938,1.2363,1.2363,0.0037539,0.4946,72.129,0.07466,48.983,51.61,0.13871,93.899,0.70667,0.0070004,0.99982,100.59,63.803,17.761,0.0037536,0.44147,42.042,5.3852,0.59768,15.115,40.11
2.664e+05,0.9365,3.2873,0.5,0.00355,2161.2,218.17,12.16,11.393,142.98,11.991,40,0.99994,1.5883,70.105,3.8745,2.8658,1.2832,124.37,5.3853,0.99979,3.112,5.0938,1.2363,1.2363,0.0037553,0.4946,72.129,0.074662,48.989,51.61,0.13872,93.897,0.70667,0.0070005,0.99982,100.6,63.804,17.762,0.003755,0.4415,42.045,5.3853,0.59769,15.116,40.111
2.6784e+05,0.93653,3.2873,0.5,0.00355,2161.2,218.17,12.16,11.393,142.98,11.991,40,0.99994,1.5886,70.105,3.8745,2.8658,1.2833,124.38,5.3854,0.99979,3.112,5.0938,1.2363,1.2363,0.0037567,0.4946,72.129,0.074664,48.995,51.61,0.13872,93.896,0.70667,0.0070005,0.99982,100.6,63.804,17.762,0.0037564,0.44153,42.048,5.3854,0.59769,15.116,40.111
2.6928e+05,0.93656,3.2873,0.5,0.00355,2161.3,218.17,12.16,11.393,142.98,11.991,40,0.99994,1.5888,70.105,3.8745,2.8658,1.2835,124.38,5.3856,0.99979,3.112,5.0938,1.2363,1.2363,0.0037581,0.4946,72.129,0.074666,49,51.61,0.13873,93.894,0.70667,0.0070005,0.99982,100.61,63.805,17.763,0.0037578,0.44156,42.051,5.3856,0.59769,15.116,40.112
2.7072e+05,0.93659,3.2873,0.5,0.00355,2161.3,218.17,12.16,11.393,142.98,11.991,40,0.99994,1.5891,70.105,3.8745,2.8658,1.2836,124.39,5.3857,0.9998,3.112,5.0938,1.2363,1.2363,0.0037595,0.4946,72.129,0.074667,49.006,51.61,0.13873,93.893,0.70667,0.0070005,0.99983,100.62,63.806,17.763,0.0037592,0.44159,42.053,5.3857,0.59769,15.116,40.112
2.7216e+05,0.93662,3.2873,0.5,0.00355,2161.3,218.17,12.16,11.393,142.98,11.991,40,0.99994,1.5893,70.105,3.8745,2.8658,1.2837,124.4,5.3858,0.9998,3.1121,5.0938,1.2363,1.2363,0.0037609,0.4946,72.129,0.074669,49.011,51.61,0.13874,93.891,0.70667,0.0070005,0.99983,100.62,63.806,17.764,0.0037606,0.44162,42.056,5.3858,0.59769,15.116,40.113
2.736e+05,0.93665,3.2873,0.5,0.00355,2161.3,218.17,12.16,11.393,142.98,11.991,40,0.99994,1.5896,70.105,3.8745,2.8658,1.2838,124.41,5.3859,0.9998,3.1121,5.0938,1.2363,1.2363,0.0037622,0.4946,72.129,0.074671,49.017,51.61,0.13874,93.89,0.70667,0.0070006,0.99983,100.63,63.807,17.765,0.0037619,0.44165,42.059,5.3859,0.59769,15.116,40.113
2.7504e+05,0.93667,3.2873,0.5,0.00355,2161.3,218.18,12.16,11.393,142.98,11.991,40,0.99994,1.5898,70.105,3.8745,2.8658,1.2839,124.42,5.386,0.9998,3.1121,5.0938,1.2363,1.2363,0.0037635,0.4946,72.129,0.074673,49.023,51.61,0.13875,93.889,0.70668,0.0070006,0.99983,100.63,63.807,17.765,0.0037632,0.44167,42.061,5.386,0.59769,15.116,40.113
2.7648e+05,0.9367,3.2873,0.5,0.00355,2161.3,218.18,12.16,11.393,142.98,11.991,40,0.99994,1.59,70.105,3.8745,2.8658,1.284,124.42,5.3861,0.9998,3.1122,5.0938,1.2363,1.2363,0.0037649,0.4946,72.129,0.074674,49.028,51.61,0.13875,93.887,0.70668,0.0070006,0.99983,100.64,63.808,17.766,0.0037646,0.4417,42.064,5.3861,0.59769,15.116,40.114
2.7792e+05,0.93673,3.2873,0.5,0.00355,2161.3,218.18,12.159,11.393,142.99,11.991,40,0.99994,1.5903,70.105,3.8745,2.8658,1.2841,124.43,5.3863,0.9998,3.1122,5.0938,1.2364,1.2364,0.0037662,0.4946,72.128,0.074676,49.033,51.61,0.13875,93.886,0.70668,0.0070006,0.99983,100.64,63.808,17.766,0.0037659,0.44173,42.067,5.3863,0.59769,15.116,40.114
2.7936e+05,0.93676,3.2873,0.5,0.00355,2161.3,218.18,12.159,11.393,142.99,11.991,40,0.99994,1.5905,70.105,3.8745,2.8658,1.2842,124.44,5.3864,0.99981,3.1122,5.0938,1.2364,1.2364,0.0037675,0.4946,72.128,0.074678,49.039,51.61,0.13876,93.885,0.70668,0.0070006,0.99984,100.65,63.809,17.767,0.0037672,0.44176,42.069,5.3864,0.59769,15.116,40.115
2.808e+05,0.93678,3.2873,0.5,0.00355,2161.4,218.18,12.159,11.393,142.99,11.991,40,0.99994,1.5908,70.105,3.8745,2.8658,1.2843,124.45,5.3865,0.99981,3.1122,5.0938,1.2364,1.2364,0.0037688,0.4946,72.128,0.074679,49.044,51.61,0.13876,93.883,0.70668,0.0070007,0.99984,100.65,63.809,17.767,0.0037685,0.44178,42.072,5.3865,0.59769,15.116,40.115
2.8224e+05,0.93681,3.2873,0.5,0.00355,2161.4,218.18,12.159,11.393,142.99,11.991,40,0.99994,1.591,70.105,3.8745,2.8658,1.2844,124.45,5.3866,0.99981,3.1123,5.0938,1.2364,1.2364,0.00377,0.4946,72.128,0.074681,49.049,51.61,0.13877,93.882,0.70668,0.0070007,0.99984,100.66,63.81,17.768,0.0037697,0.44181,42.074,5.3866,0.59769,15.116,40.116
2.8368e+05,0.93684,3.2873,0.5,0.00355,2161.4,218.19,12.159,11.393,142.99,11.991,40,0.99994,1.5912,70.105,3.8745,2.8658,1.2845,124.46,5.3867,0.99981,3.1123,5.0938,1.2364,1.2364,0.0037713,0.4946,72.128,0.074683,49.054,51.61,0.13877,93.881,0.70668,0.0070007,0.99984,100.66,63.81,17.768,0.003771,0.44184,42.077,5.3867,0.59769,15.116,40.116
2.8512e+05,0.93686,3.2873,0.5,0.00355,2161.4,218.19,12.159,11.393,142.99,11.991,40,0.99994,1.5914,70.105,3.8745,2.8659,1.2846,124.47,5.3868,0.99981,3.1123,5.0938,1.2364,1.2364,0.0037725,0.4946,72.128,0.074684,49.06,51.61,0.13877,93.879,0.70668,0.0070007,0.99984,100.67,63.811,17.769,0.0037723,0.44186,42.079,5.3868,0.59769,15.116,40.116
2.8656e+05,0.93689,3.2873,0.5,0.00355,2161.4,218.19,12.159,11.393,142.99,11.991,40,0.99994,1.5917,70.105,3.8745,2.8659,1.2847,124.48,5.3869,0.99982,3.1123,5.0938,1.2364,1.2364,0.0037738,0.49459,72.128,0.074686,49.065,51.61,0.13878,93.878,0.70668,0.0070007,0.99984,100.67,63.811,17.769,0.0037735,0.44189,42.082,5.3869,0.59769,15.116,40.117
2.88e+05,0.93691,3.2873,0.5,0.00355,2161.4,218.19,12.159,11.393,142.99,11.991,40,0.99995,1.5919,70.105,3.8745,2.8659,1.2847,124.48,5.387,0.99982,3.1124,5.0938,1.2364,1.2364,0.003775,0.49459,72.128,0.074687,49.07,51.61,0.13878,93.877,0.70668,0.0070007,0.99984,100.68,63.812,17.77,0.0037747,0.44191,42.084,5.387,0.59769,15.116,40.117
2.8944e+05,0.93694,3.2873,0.5,0.00355,2161.4,218.19,12.159,11.393,142.99,11.991,40,0.99995,1.5921,70.105,3.8745,2.8659,1.2848,124.49,5.3871,0.99982,3.1124,5.0938,1.2364,1.2364,0.0037762,0.49459,72.128,0.074689,49.075,51.61,0.13879,93.876,0.70668,0.0070007,0.99985,100.68,63.812,17.77,0.003776,0.44194,42.087,5.3871,0.59769,15.116,40.118
2.9088e+05,0.93696,3.2873,0.5,0.00355,2161.4,218.2,12.159,11.393,142.99,11.991,40,0.99995,1.5923,70.105,3.8745,2.8659,1.2849,124.5,5.3872,0.99982,3.1124,5.0938,1.2364,1.2364,0.0037774,0.49459,72.128,0.07469,49.08,51.61,0.13879,93.874,0.70668,0.0070008,0.99985,100.69,63.813,17.771,0.0037772,0.44196,42.089,5.3872,0.59769,15.116,40.118
2.9232e+05,0.93699,3.2873,0.5,0.00355,2161.4,218.2,12.159,11.393,142.99,11.991,40,0.99995,1.5926,70.105,3.8745,2.8659,1.285,124.5,5.3873,0.99982,3.1125,5.0938,1.2364,1.2364,0.0037786,0.49459,72.128,0.074692,49.084,51.61,0.13879,93.873,0.70668,0.0070008,0.99985,100.69,63.813,17.771,0.0037784,0.44199,42.092,5.3873,0.5977,15.116,40.118
2.9376e+05,0.93701,3.2873,0.5,0.00355,2161.5,218.2,12.159,11.393,142.99,11.991,40,0.99995,1.5928,70.105,3.8745,2.8659,1.2851,124.51,5.3874,0.99982,3.1125,5.0938,1.2365,1.2365,0.0037798,0.49459,72.128,0.074693,49.089,51.61,0.1388,93.872,0.70668,0.0070008,0.99985,100.7,63.814,17.772,0.0037795,0.44201,42.094,5.3874,0.5977,15.116,40.119
2.952e+05,0.93704,3.2873,0.5,0.00355,2161.5,218.2,12.159,11.393,142.99,11.991,40,0.99995,1.593,70.105,3.8745,2.8659,1.2852,124.52,5.3875,0.99983,3.1125,5.0938,1.2365,1.2365,0.003781,0.49459,72.127,0.074695,49.094,51.61,0.1388,93.871,0.70668,0.0070008,0.99985,100.7,63.814,17.772,0.0037807,0.44204,42.096,5.3875,0.5977,15.116,40.119
2.9664e+05,0.93706,3.2873,0.5,0.00355,2161.5,218.2,12.159,11.393,142.99,11.991,40,0.99995,1.5932,70.105,3.8745,2.8659,1.2853,124.52,5.3876,0.99983,3.1125,5.0938,1.2365,1.2365,0.0037821,0.49459,72.127,0.074696,49.099,51.61,0.1388,93.869,0.70668,0.0070008,0.99985,100.71,63.815,17.773,0.0037819,0.44206,42.099,5.3876,0.5977,15.116,40.12
2.9808e+05,0.93708,3.2873,0.5,0.00355,2161.5,218.21,12.159,11.393,142.99,11.991,40,0.99995,1.5934,70.105,3.8745,2.8659,1.2854,124.53,5.3877,0.99983,3.1126,5.0938,1.2365,1.2365,0.0037833,0.49459,72.127,0.074698,49.104,51.61,0.13881,93.868,0.70668,0.0070008,0.99986,100.71,63.815,17.773,0.003783,0.44208,42.101,5.3877,0.5977,15.116,40.12
2.9952e+05,0.93711,3.2873,0.5,0.00355,2161.5,218.21,12.159,11.393,142.99,11.991,40,0.99995,1.5936,70.105,3.8745,2.8659,1.2855,124.54,5.3878,0.99983,3.1126,5.0938,1.2365,1.2365,0.0037844,0.49459,72.127,0.074699,49.108,51.61,0.13881,93.867,0.70668,0.0070008,0.99986,100.72,63.815,17.774,0.0037842,0.44211,42.103,5.3878,0.5977,15.116,40.12
3.0096e+05,0.93713,3.2873,0.5,0.00355,2161.5,218.21,12.159,11.393,142.99,11.991,40,0.99995,1.5938,70.105,3.8745,2.8659,1.2856,124.54,5.3879,0.99983,3.1126,5.0938,1.2365,1.2365,0.0037856,0.49459,72.127,0.074701,49.113,51.61,0.13882,93.866,0.70668,0.0070008,0.99986,100.72,63.816,17.774,0.0037853,0.44213,42.106,5.3879,0.5977,15.116,40.121
3.024e+05,0.93716,3.2873,0.5,0.00355,2161.5,218.21,12.159,11.393,142.99,11.991,40,0.99995,1.594,70.105,3.8745,2.8659,1.2856,124.55,5.388,0.99983,3.1127,5.0938,1.2365,1.2365,0.0037867,0.49459,72.127,0.074702,49.118,51.61,0.13882,93.865,0.70668,0.0070008,0.99986,100.73,63.816,17.774,0.0037864,0.44216,42.108,5.388,0.5977,15.116,40.121
3.0384e+05,0.93718,3.2873,0.5,0.00355,2161.5,218.21,12.159,11.393,142.99,11.991,40,0.99995,1.5942,70.105,3.8745,2.8659,1.2857,124.56,5.3881,0.99984,3.1127,5.0938,1.2365,1.2365,0.0037878,0.49459,72.127,0.074703,49.122,51.61,0.13882,93.864,0.70668,0.0070008,0.99986,100.73,63.817,17.775,0.0037875,0.44218,42.11,5.3881,0.5977,15.116,40.121
3.0528e+05,0.9372,3.2873,0.5,0.00355,2161.5,218.22,12.159,11.393,142.99,11.991,40,0.99995,1.5944,70.105,3.8745,2.8659,1.2858,124.56,5.3882,0.99984,3.1127,5.0939,1.2365,1.2365,0.0037889,0.49459,72.127,0.074705,49.127,51.61,0.13883,93.862,0.70668,0.0070008,0.99986,100.74,63.817,17.775,0.0037886,0.4422,42.112,5.3882,0.5977,15.116,40.122
3.0672e+05,0.93722,3.2873,0.5,0.00355,2161.5,218.22,12.159,11.393,142.99,11.991,40,0.99995,1.5946,70.105,3.8745,2.8659,1.2859,124.57,5.3883,0.99984,3.1127,5.0939,1.2365,1.2365,0.00379,0.49459,72.127,0.074706,49.131,51.61,0.13883,93.861,0.70667,0.0070009,0.99986,100.74,63.818,17.776,0.0037897,0.44222,42.114,5.3883,0.5977,15.116,40.122
3.0816e+05,0.93725,3.2873,0.5,0.00355,2161.6,218.22,12.159,11.393,142.99,11.991,40,0.99995,1.5948,70.105,3.8745,2.8659,1.286,124.58,5.3884,0.99984,3.1128,5.0939,1.2365,1.2365,0.0037911,0.49459,72.127,0.074707,49.135,51.61,0.13883,93.86,0.70667,0.0070009,0.99986,100.75,63.818,17.776,0.0037908,0.44225,42.117,5.3884,0.5977,15.116,40.122
3.096e+05,0.93727,3.2873,0.5,0.00355,2161.6,218.22,12.159,11.393,142.99,11.991,40,0.99995,1.595,70.105,3.8745,2.8659,1.2861,124.58,5.3885,0.99984,3.1128,5.0939,1.2366,1.2366,0.0037921,0.49459,72.127,0.074709,49.14,51.61,0.13884,93.859,0.70667,0.0070009,0.99987,100.75,63.819,17.777,0.0037919,0.44227,42.119,5.3885,0.5977,15.116,40.123
3.1104e+05,0.93729,3.2873,0.5,0.00355,2161.6,218.22,12.159,11.393,143,11.991,40,0.99995,1.5952,70.105,3.8745,2.8659,1.2861,124.59,5.3886,0.99984,3.1128,5.0939,1.2366,1.2366,0.0037932,0.49458,72.127,0.07471,49.144,51.61,0.13884,93.858,0.70667,0.0070009,0.99987,100.75,63.819,17.777,0.0037929,0.44229,42.121,5.3886,0.5977,15.116,40.123
3.1248e+05,0.93731,3.2873,0.5,0.00355,2161.6,218.22,12.158,11.393,143,11.991,40,0.99995,1.5954,70.105,3.8745,2.8659,1.2862,124.59,5.3887,0.99985,3.1129,5.0939,1.2366,1.2366,0.0037942,0.49458,72.127,0.074711,49.148,51.61,0.13884,93.857,0.70667,0.0070009,0.99987,100.76,63.819,17.778,0.003794,0.44231,42.123,5.3887,0.5977,15.116,40.124
3.1392e+05,0.93733,3.2873,0.5,0.00355,2161.6,218.23,12.158,11.393,143,11.991,40,0.99995,1.5956,70.104,3.8745,2.8659,1.2863,124.6,5.3888,0.99985,3.1129,5.0939,1.2366,1.2366,0.0037953,0.49458,72.127,0.074713,49.153,51.61,0.13885,93.856,0.70667,0.0070009,0.99987,100.76,63.82,17.778,0.003795,0.44233,42.125,5.3888,0.5977,15.116,40.124
3.1536e+05,0.93735,3.2873,0.5,0.00355,2161.6,218.23,12.158,11.393,143,11.991,40,0.99995,1.5958,70.104,3.8745,2.8659,1.2864,124.61,5.3889,0.99985,3.1129,5.0939,1.2366,1.2366,0.0037963,0.49458,72.127,0.074714,49.157,51.61,0.13885,93.855,0.70667,0.0070009,0.99987,100.77,63.82,17.778,0.0037961,0.44235,42.127,5.3889,0.5977,15.117,40.124
3.168e+05,0.93738,3.2873,0.5,0.00355,2161.6,218.23,12.158,11.393,143,11.991,40,0.99995,1.596,70.104,3.8745,2.8659,1.2865,124.61,5.389,0.99985,3.1129,5.0939,1.2366,1.2366,0.0037973,0.49458,72.127,0.074715,49.161,51.61,0.13885,93.854,0.70667,0.0070009,0.99987,100.77,63.821,17.779,0.0037971,0.44238,42.129,5.389,0.5977,15.117,40.125
3.1824e+05,0.9374,3.2873,0.5,0.00355,2161.6,218.23,12.158,11.393,143,11.991,40,0.99996,1.5962,70.104,3.8745,2.8659,1.2865,124.62,5.389,0.99985,3.113,5.0939,1.2366,1.2366,0.0037983,0.49458,72.127,0.074717,49.165,51.61,0.13886,93.853,0.70667,0.0070009,0.99987,100.78,63.821,17.779,0.0037981,0.4424,42.131,5.389,0.5977,15.117,40.125
3.1968e+05,0.93742,3.2873,0.5,0.00355,2161.6,218.23,12.158,11.393,143,11.991,40,0.99996,1.5963,70.104,3.8745,2.8659,1.2866,124.62,5.3891,0.99985,3.113,5.0939,1.2366,1.2366,0.0037993,0.49458,72.127,0.074718,49.169,51.61,0.13886,93.852,0.70667,0.0070009,0.99987,100.78,63.821,17.78,0.0037991,0.44242,42.133,5.3891,0.59771,15.117,40.125
3.2112e+05,0.93744,3.2873,0.5,0.00355,2161.6,218.24,12.158,11.393,143,11.991,40,0.99996,1.5965,70.104,3.8745,2.8659,1.2867,124.63,5.3892,0.99985,3.113,5.0939,1.2366,1.2366,0.0038003,0.49458,72.126,0.074719,49.173,51.61,0.13886,93.85,0.70666,0.0070009,0.99988,100.78,63.822,17.78,0.0038001,0.44244,42.135,5.3892,0.59771,15.117,40.126
3.2256e+05,0.93746,3.2873,0.5,0.00355,2161.7,218.24,12.158,11.393,143,11.991,40,0.99996,1.5967,70.104,3.8745,2.8659,1.2868,124.64,5.3893,0.99986,3.113,5.0939,1.2366,1.2366,0.0038013,0.49458,72.126,0.07472,49.177,51.61,0.13887,93.849,0.70666,0.0070009,0.99988,100.79,63.822,17.78,0.0038011,0.44246,42.137,5.3893,0.59771,15.117,40.126
3.24e+05,0.93748,3.2873,0.5,0.00355,2161.7,218.24,12.158,11.393,143,11.991,40,0.99996,1.5969,70.104,3.8746,2.8659,1.2868,124.64,5.3894,0.99986,3.1131,5.0939,1.2366,1.2366,0.0038023,0.49458,72.126,0.074721,49.181,51.61,0.13887,93.848,0.70666,0.0070009,0.99988,100.79,63.823,17.781,0.0038021,0.44248,42.139,5.3894,0.59771,15.117,40.126
3.2544e+05,0.9375,3.2873,0.5,0.00355,2161.7,218.24,12.158,11.393,143,11.991,40,0.99996,1.5971,70.104,3.8746,2.8659,1.2869,124.65,5.3895,0.99986,3.1131,5.0939,1.2366,1.2366,0.0038032,0.49458,72.126,0.074723,49.185,51.61,0.13887,93.847,0.70666,0.0070009,0.99988,100.8,63.823,17.781,0.003803,0.4425,42.141,5.3895,0.59771,15.117,40.127
3.2688e+05,0.93752,3.2873,0.5,0.00355,2161.7,218.24,12.158,11.393,143,11.991,40,0.99996,1.5972,70.104,3.8746,2.8659,1.287,124.65,5.3896,0.99986,3.1131,5.0939,1.2366,1.2366,0.0038042,0.49458,72.126,0.074724,49.189,51.61,0.13887,93.846,0.70666,0.0070009,0.99988,100.8,63.823,17.782,0.003804,0.44252,42.143,5.3896,0.59771,15.117,40.127
3.2832e+05,0.93754,3.2873,0.5,0.00355,2161.7,218.25,12.158,11.393,143,11.991,40,0.99996,1.5974,70.104,3.8746,2.8659,1.2871,124.66,5.3896,0.99986,3.1132,5.094,1.2367,1.2367,0.0038052,0.49458,72.126,0.074725,49.193,51.61,0.13888,93.845,0.70666,0.0070009,0.99988,100.8,63.824,17.782,0.0038049,0.44254,42.145,5.3896,0.59771,15.117,40.127
3.2976e+05,0.93756,3.2873,0.5,0.00355,2161.7,218.25,12.158,11.393,143,11.991,40,0.99996,1.5976,70.104,3.8746,2.8659,1.2871,124.66,5.3897,0.99986,3.1132,5.094,1.2367,1.2367,0.0038061,0.49458,72.126,0.074726,49.197,51.61,0.13888,93.844,0.70666,0.0070009,0.99988,100.81,63.824,17.782,0.0038059,0.44256,42.147,5.3897,0.59771,15.117,40.128
3.312e+05,0.93758,3.2873,0.5,0.00355,2161.7,218.25,12.158,11.393,143,11.991,40,0.99996,1.5977,70.104,3.8746,2.8659,1.2872,124.67,5.3898,0.99986,3.1132,5.094,1.2367,1.2367,0.003807,0.49458,72.126,0.074727,49.201,51.61,0.13888,93.843,0.70666,0.0070009,0.99988,100.81,63.824,17.783,0.0038068,0.44258,42.149,5.3898,0.59771,15.117,40.128
3.3264e+05,0.9376,3.2873,0.5,0.00355,2161.7,218.25,12.158,11.393,143,11.991,40,0.99996,1.5979,70.104,3.8746,2.8659,1.2873,124.68,5.3899,0.99986,3.1132,5.094,1.2367,1.2367,0.0038079,0.49458,72.126,0.074728,49.205,51.61,0.13889,93.843,0.70665,0.0070009,0.99988,100.81,63.825,17.783,0.0038077,0.4426,42.15,5.3899,0.59771,15.117,40.128
3.3408e+05,0.93762,3.2873,0.5,0.00355,2161.7,218.25,12.158,11.393,143,11.991,40,0.99996,1.5981,70.104,3.8746,2.8659,1.2873,124.68,5.39,0.99987,3.1133,5.094,1.2367,1.2367,0.0038089,0.49458,72.126,0.07473,49.208,51.61,0.13889,93.842,0.70665,0.0070009,0.99989,100.82,63.825,17.783,0.0038086,0.44262,42.152,5.39,0.59771,15.117,40.128
3.3552e+05,0.93763,3.2873,0.5,0.00355,2161.7,218.26,12.158,11.393,143,11.991,40,0.99996,1.5982,70.104,3.8746,2.8659,1.2874,124.69,5.39,0.99987,3.1133,5.094,1.2367,1.2367,0.0038098,0.49458,72.126,0.074731,49.212,51.61,0.13889,93.841,0.70665,0.0070009,0.99989,100.82,63.826,17.784,0.0038095,0.44263,42.154,5.39,0.59771,15.117,40.129
3.3696e+05,0.93765,3.2873,0.5,0.00355,2161.7,218.26,12.158,11.393,143,11.991,40,0.99996,1.5984,70.104,3.8746,2.8659,1.2875,124.69,5.3901,0.99987,3.1133,5.094,1.2367,1.2367,0.0038107,0.49458,72.126,0.074732,49.216,51.61,0.13889,93.84,0.70665,0.0070009,0.99989,100.83,63.826,17.784,0.0038104,0.44265,42.156,5.3901,0.59771,15.117,40.129
3.384e+05,0.93767,3.2873,0.5,0.00355,2161.8,218.26,12.158,11.393,143,11.991,40,0.99996,1.5986,70.104,3.8746,2.8659,1.2875,124.7,5.3902,0.99987,3.1134,5.094,1.2367,1.2367,0.0038115,0.49458,72.126,0.074733,49.219,51.61,0.1389,93.839,0.70665,0.0070009,0.99989,100.83,63.826,17.785,0.0038113,0.44267,42.158,5.3902,0.59771,15.117,40.129
3.3984e+05,0.93769,3.2873,0.5,0.00355,2161.8,218.26,12.158,11.393,143,11.991,40,0.99996,1.5987,70.104,3.8746,2.8659,1.2876,124.7,5.3903,0.99987,3.1134,5.094,1.2367,1.2367,0.0038124,0.49457,72.126,0.074734,49.223,51.61,0.1389,93.838,0.70665,0.0070009,0.99989,100.83,63.827,17.785,0.0038122,0.44269,42.159,5.3903,0.59771,15.117,40.13
3.4128e+05,0.93771,3.2873,0.5,0.00355,2161.8,218.26,12.158,11.393,143,11.991,40,0.99996,1.5989,70.104,3.8746,2.8659,1.2877,124.71,5.3903,0.99987,3.1134,5.094,1.2367,1.2367,0.0038133,0.49457,72.126,0.074735,49.226,51.61,0.1389,93.837,0.70665,0.0070009,0.99989,100.84,63.827,17.785,0.0038131,0.44271,42.161,5.3903,0.59771,15.117,40.13
3.4272e+05,0.93773,3.2873,0.5,0.00355,2161.8,218.27,12.158,11.393,143,11.991,40,0.99996,1.5991,70.104,3.8746,2.866,1.2877,124.71,5.3904,0.99987,3.1134,5.094,1.2367,1.2367,0.0038142,0.49457,72.126,0.074736,49.23,51.61,0.13891,93.836,0.70664,0.0070009,0.99989,100.84,63.827,17.786,0.003814,0.44273,42.163,5.3904,0.59771,15.117,40.13
3.4416e+05,0.93774,3.2873,0.5,0.00355,2161.8,218.27,12.158,11.393,143,11.991,40,0.99996,1.5992,70.104,3.8747,2.866,1.2878,124.72,5.3905,0.99987,3.1135,5.094,1.2367,1.2367,0.003815,0.49457,72.126,0.074737,49.234,51.61,0.13891,93.835,0.70664,0.0070009,0.99989,100.84,63.828,17.786,0.0038148,0.44274,42.165,5.3905,0.59771,15.117,40.131
3.456e+05,0.93776,3.2873,0.5,0.00355,2161.8,218.27,12.158,11.393,143,11.991,40,0.99996,1.5994,70.104,3.8747,2.866,1.2879,124.72,5.3906,0.99988,3.1135,5.094,1.2367,1.2367,0.0038159,0.49457,72.126,0.074738,49.237,51.61,0.13891,93.834,0.70664,0.0070009,0.99989,100.85,63.828,17.786,0.0038157,0.44276,42.166,5.3906,0.59771,15.117,40.131
3.4704e+05,0.93778,3.2873,0.5,0.00355,2161.8,218.27,12.158,11.393,143,11.991,40,0.99996,1.5995,70.104,3.8747,2.866,1.2879,124.73,5.3906,0.99988,3.1135,5.0941,1.2367,1.2367,0.0038167,0.49457,72.126,0.074739,49.24,51.61,0.13891,93.833,0.70664,0.0070009,0.9999,100.85,63.828,17.787,0.0038165,0.44278,42.168,5.3906,0.59771,15.117,40.131
3.4848e+05,0.9378,3.2873,0.5,0.00355,2161.8,218.27,12.158,11.393,143,11.991,40,0.99996,1.5997,70.104,3.8747,2.866,1.288,124.73,5.3907,0.99988,3.1135,5.0941,1.2368,1.2368,0.0038175,0.49457,72.126,0.07474,49.244,51.61,0.13892,93.832,0.70664,0.0070009,0.9999,100.85,63.829,17.787,0.0038173,0.4428,42.17,5.3907,0.59771,15.117,40.131
3.4992e+05,0.93781,3.2873,0.5,0.00355,2161.8,218.27,12.158,11.393,143,11.991,40,0.99996,1.5998,70.104,3.8747,2.866,1.2881,124.74,5.3908,0.99988,3.1136,5.0941,1.2368,1.2368,0.0038184,0.49457,72.126,0.074741,49.247,51.61,0.13892,93.832,0.70664,0.0070009,0.9999,100.86,63.829,17.787,0.0038182,0.44281,42.171,5.3908,0.59771,15.117,40.132
3.5136e+05,0.93783,3.2874,0.5,0.00355,2161.8,218.28,12.158,11.393,143,11.991,40,0.99996,1.6,70.104,3.8747,2.866,1.2881,124.74,5.3909,0.99988,3.1136,5.0941,1.2368,1.2368,0.0038192,0.49457,72.126,0.074742,49.251,51.61,0.13892,93.831,0.70664,0.0070009,0.9999,100.86,63.829,17.788,0.003819,0.44283,42.173,5.3909,0.59772,15.117,40.132
3.528e+05,0.93785,3.2874,0.5,0.00355,2161.8,218.28,12.158,11.393,143,11.991,40,0.99996,1.6001,70.104,3.8747,2.866,1.2882,124.75,5.3909,0.99988,3.1136,5.0941,1.2368,1.2368,0.00382,0.49457,72.126,0.074743,49.254,51.61,0.13892,93.83,0.70663,0.0070009,0.9999,100.86,63.83,17.788,0.0038198,0.44285,42.175,5.3909,0.59772,15.117,40.132
3.5424e+05,0.93786,3.2874,0.5,0.00355,2161.9,218.28,12.158,11.393,143,11.991,40,0.99996,1.6003,70.104,3.8747,2.866,1.2883,124.75,5.391,0.99988,3.1136,5.0941,1.2368,1.2368,0.0038208,0.49457,72.126,0.074744,49.257,51.61,0.13893,93.829,0.70663,0.0070009,0.9999,100.87,63.83,17.788,0.0038206,0.44286,42.176,5.391,0.59772,15.117,40.133
3.5568e+05,0.93788,3.2874,0.5,0.00355,2161.9,218.28,12.158,11.393,143.01,11.991,40,0.99996,1.6004,70.104,3.8747,2.866,1.2883,124.75,5.3911,0.99988,3.1137,5.0941,1.2368,1.2368,0.0038216,0.49457,72.126,0.074745,49.26,51.61,0.13893,93.828,0.70663,0.0070009,0.9999,100.87,63.83,17.789,0.0038214,0.44288,42.178,5.3911,0.59772,15.117,40.133
3.5712e+05,0.9379,3.2874,0.5,0.00355,2161.9,218.28,12.158,11.393,143.01,11.991,40,0.99997,1.6006,70.104,3.8747,2.866,1.2884,124.76,5.3911,0.99988,3.1137,5.0941,1.2368,1.2368,0.0038224,0.49457,72.126,0.074746,49.264,51.61,0.13893,93.827,0.70663,0.0070009,0.9999,100.87,63.831,17.789,0.0038222,0.4429,42.179,5.3911,0.59772,15.117,40.133
3.5856e+05,0.93791,3.2874,0.5,0.00355,2161.9,218.29,12.158,11.393,143.01,11.991,40,0.99997,1.6007,70.104,3.8747,2.866,1.2884,124.76,5.3912,0.99989,3.1137,5.0941,1.2368,1.2368,0.0038232,0.49457,72.126,0.074747,49.267,51.61,0.13893,93.826,0.70663,0.0070009,0.9999,100.88,63.831,17.789,0.003823,0.44291,42.181,5.3912,0.59772,15.117,40.133
3.6e+05,0.93793,3.2874,0.5,0.00355,2161.9,218.29,12.158,11.393,143.01,11.991,40,0.99997,1.6008,70.104,3.8748,2.866,1.2885,124.77,5.3913,0.99989,3.1137,5.0941,1.2368,1.2368,0.0038239,0.49457,72.126,0.074748,49.27,51.61,0.13894,93.826,0.70663,0.0070009,0.9999,100.88,63.831,17.79,0.0038237,0.44293,42.182,5.3913,0.59772,15.117,40.134
3.6144e+05,0.93794,3.2874,0.5,0.00355,2161.9,218.29,12.157,11.393,143.01,11.991,40,0.99997,1.601,70.104,3.8748,2.866,1.2886,124.77,5.3913,0.99989,3.1138,5.0941,1.2368,1.2368,0.0038247,0.49457,72.126,0.074749,49.273,51.61,0.13894,93.825,0.70662,0.0070009,0.9999,100.88,63.832,17.79,0.0038245,0.44294,42.184,5.3913,0.59772,15.117,40.134
3.6288e+05,0.93796,3.2874,0.5,0.00355,2161.9,218.29,12.157,11.393,143.01,11.991,40,0.99997,1.6011,70.104,3.8748,2.866,1.2886,124.78,5.3914,0.99989,3.1138,5.0941,1.2368,1.2368,0.0038255,0.49457,72.126,0.07475,49.276,51.61,0.13894,93.824,0.70662,0.0070009,0.99991,100.89,63.832,17.79,0.0038253,0.44296,42.186,5.3914,0.59772,15.117,40.134
3.6432e+05,0.93798,3.2874,0.5,0.00355,2161.9,218.29,12.157,11.393,143.01,11.991,40,0.99997,1.6013,70.104,3.8748,2.866,1.2887,124.78,5.3915,0.99989,3.1138,5.0941,1.2368,1.2368,0.0038262,0.49457,72.126,0.074751,49.279,51.61,0.13894,93.823,0.70662,0.0070009,0.99991,100.89,63.832,17.79,0.003826,0.44298,42.187,5.3915,0.59772,15.118,40.134
3.6576e+05,0.93799,3.2874,0.5,0.00355,2161.9,218.29,12.157,11.393,143.01,11.991,40,0.99997,1.6014,70.104,3.8748,2.866,1.2887,124.79,5.3915,0.99989,3.1138,5.0942,1.2368,1.2368,0.003827,0.49457,72.126,0.074752,49.282,51.61,0.13895,93.822,0.70662,0.0070009,0.99991,100.89,63.833,17.791,0.0038268,0.44299,42.189,5.3915,0.59772,15.118,40.135
3.672e+05,0.93801,3.2874,0.5,0.00355,2161.9,218.3,12.157,11.393,143.01,11.991,40,0.99997,1.6015,70.104,3.8748,2.866,1.2888,124.79,5.3916,0.99989,3.1139,5.0942,1.2368,1.2368,0.0038277,0.49457,72.126,0.074753,49.285,51.61,0.13895,93.822,0.70662,0.0070009,0.99991,100.9,63.833,17.791,0.0038275,0.44301,42.19,5.3916,0.59772,15.118,40.135
3.6864e+05,0.93802,3.2874,0.5,0.00355,2161.9,218.3,12.157,11.393,143.01,11.991,40,0.99997,1.6017,70.104,3.8748,2.866,1.2888,124.79,5.3917,0.99989,3.1139,5.0942,1.2368,1.2368,0.0038284,0.49457,72.126,0.074754,49.288,51.61,0.13895,93.821,0.70662,0.0070009,0.99991,100.9,63.833,17.791,0.0038283,0.44302,42.191,5.3917,0.59772,15.118,40.135
3.7008e+05,0.93804,3.2874,0.5,0.00355,2161.9,218.3,12.157,11.393,143.01,11.991,40,0.99997,1.6018,70.104,3.8748,2.866,1.2889,124.8,5.3917,0.99989,3.1139,5.0942,1.2368,1.2368,0.0038292,0.49457,72.126,0.074755,49.291,51.61,0.13895,93.82,0.70661,0.0070009,0.99991,100.9,63.833,17.792,0.003829,0.44304,42.193,5.3917,0.59772,15.118,40.135
3.7152e+05,0.93805,3.2874,0.5,0.00355,2161.9,218.3,12.157,11.393,143.01,11.991,40,0.99997,1.6019,70.104,3.8748,2.866,1.289,124.8,5.3918,0.99989,3.1139,5.0942,1.2368,1.2368,0.0038299,0.49457,72.126,0.074756,49.294,51.61,0.13896,93.819,0.70661,0.0070009,0.99991,100.9,63.834,17.792,0.0038297,0.44305,42.194,5.3918,0.59772,15.118,40.136
3.7296e+05,0.93807,3.2874,0.5,0.00355,2162,218.3,12.157,11.393,143.01,11.991,40,0.99997,1.6021,70.104,3.8748,2.866,1.289,124.81,5.3919,0.9999,3.114,5.0942,1.2369,1.2369,0.0038306,0.49457,72.126,0.074756,49.297,51.61,0.13896,93.819,0.70661,0.0070009,0.99991,100.91,63.834,17.792,0.0038304,0.44307,42.196,5.3919,0.59772,15.118,40.136
3.744e+05,0.93808,3.2874,0.5,0.00355,2162,218.3,12.157,11.393,143.01,11.991,40,0.99997,1.6022,70.104,3.8748,2.866,1.2891,124.81,5.3919,0.9999,3.114,5.0942,1.2369,1.2369,0.0038313,0.49456,72.126,0.074757,49.3,51.61,0.13896,93.818,0.70661,0.0070009,0.99991,100.91,63.834,17.793,0.0038311,0.44308,42.197,5.3919,0.59772,15.118,40.136
3.7584e+05,0.9381,3.2874,0.5,0.00355,2162,218.31,12.157,11.393,143.01,11.991,40,0.99997,1.6023,70.104,3.8749,2.866,1.2891,124.82,5.392,0.9999,3.114,5.0942,1.2369,1.2369,0.003832,0.49456,72.126,0.074758,49.303,51.61,0.13896,93.817,0.70661,0.0070009,0.99991,100.91,63.835,17.793,0.0038318,0.4431,42.199,5.392,0.59772,15.118,40.136
3.7728e+05,0.93811,3.2874,0.5,0.00355,2162,218.31,12.157,11.393,143.01,11.991,40,0.99997,1.6024,70.104,3.8749,2.866,1.2892,124.82,5.392,0.9999,3.114,5.0942,1.2369,1.2369,0.0038327,0.49456,72.126,0.074759,49.306,51.61,0.13896,93.816,0.70661,0.0070009,0.99991,100.92,63.835,17.793,0.0038325,0.44311,42.2,5.392,0.59772,15.118,40.137
3.7872e+05,0.93812,3.2874,0.5,0.00355,2162,218.31,12.157,11.393,143.01,11.991,40,0.99997,1.6026,70.104,3.8749,2.866,1.2892,124.82,5.3921,0.9999,3.1141,5.0942,1.2369,1.2369,0.0038334,0.49456,72.126,0.07476,49.309,51.61,0.13897,93.816,0.7066,0.0070009,0.99991,100.92,63.835,17.793,0.0038332,0.44312,42.201,5.3921,0.59772,15.118,40.137
3.8016e+05,0.93814,3.2874,0.5,0.00355,2162,218.31,12.157,11.393,143.01,11.991,40,0.99997,1.6027,70.104,3.8749,2.866,1.2893,124.83,5.3922,0.9999,3.1141,5.0942,1.2369,1.2369,0.0038341,0.49456,72.126,0.074761,49.311,51.61,0.13897,93.815,0.7066,0.0070009,0.99992,100.92,63.835,17.794,0.0038339,0.44314,42.203,5.3922,0.59772,15.118,40.137
3.816e+05,0.93815,3.2874,0.5,0.00355,2162,218.31,12.157,11.393,143.01,11.991,40,0.99997,1.6028,70.104,3.8749,2.866,1.2893,124.83,5.3922,0.9999,3.1141,5.0942,1.2369,1.2369,0.0038347,0.49456,72.126,0.074761,49.314,51.61,0.13897,93.814,0.7066,0.0070009,0.99992,100.92,63.836,17.794,0.0038346,0.44315,42.204,5.3922,0.59772,15.118,40.137
