Time,VAS,VVS,NID,CA,NAE,PRP,IFP,VG,CNA,VTS,HM,AUH,POT,ARM,CPP,PVS,BFN,BFM,PA,QLO,AU,STH2NID,VP,VB,RBF,RFN,TVD,NOD,VGD,NID2,HR,SVO,AAR,EVR,GFR,RSM,RVG,DLP,AUM,RR,GLP,PFL,VUD,VAE,RSN,QAO,VIF,VEC,VTW
1,0.85188,3.2606,0.1,0.00355,2130,210,12,11.399,141.89,11.999,40,0.99861,7.9928,0.96573,69.992,3.7635,2.8263,1.0176,100.53,5.0565,0.99538,1,3.0003,5.0003,1.2096,1.2096,0.00083451,0.16428,-0.00075417,0.1,71.995,0.070234,31.497,51.61,0.12834,95.096,0.72751,0.0070535,0.99607,83.107,62.43,16.433,0.0016486,0.35688,34.237,5.0535,0.59934,15.011,40.012
1441,0.8499,3.27,0.1,0.00355,2130.9,209.38,12.032,11.387,142.09,11.983,40,1.0007,7.9988,0.93664,69.781,3.7729,2.8604,1.0108,99.972,5.0708,1.0024,1,3.0006,5.0007,1.1997,1.1997,0.0010079,0.10019,3.2223e-06,0.1,72.281,0.070154,31.721,51.61,0.12499,95.175,0.7257,0.0071528,1.002,83.331,61.916,16.004,0.00099638,0.3549,33.632,5.0708,0.59669,14.996,39.98
2881,0.84984,3.2701,0.1,0.00355,2130.5,209.36,12.037,11.388,142.05,11.985,40,1.0005,7.9991,0.93583,69.775,3.7726,2.8601,1.0103,99.954,5.07,1.0016,1,3.0005,5.0007,1.1997,1.1997,0.0010055,0.10025,1.562e-07,0.1,72.252,0.070171,31.708,51.61,0.125,95.205,0.72576,0.0071559,1.0014,83.318,61.915,16.005,0.0010023,0.35484,33.629,5.07,0.59673,14.998,39.989
4321,0.84978,3.2702,0.1,0.00355,2130.2,209.39,12.048,11.388,142.03,11.985,40,1.0004,7.9992,0.93546,69.784,3.7724,2.8599,1.01,99.937,5.0697,1.0013,1,3.0005,5.0007,1.1997,1.1997,0.0010039,0.10012,-9.1886e-08,0.1,72.237,0.070181,31.689,51.61,0.125,95.209,0.72579,0.0071515,1.0011,83.299,61.919,16.005,0.001003,0.35478,33.625,5.0697,0.59665,14.998,39.992
5761,0.84973,3.2702,0.1,0.00355,2130.1,209.42,12.058,11.388,142.03,11.985,40,1.0003,7.9994,0.93542,69.794,3.7724,2.8597,1.01,99.924,5.0695,1.001,1,3.0005,5.0007,1.1998,1.1998,0.0010033,0.10005,-1.0245e-07,0.1,72.224,0.070192,31.673,51.61,0.125,95.203,0.7258,0.0071469,1.0008,83.283,61.922,16.005,0.0010031,0.35473,33.622,5.0695,0.59657,14.998,39.993
7201,0.8497,3.2703,0.1,0.00355,2130.1,209.45,12.068,11.388,142.03,11.984,40,1.0002,7.9995,0.93552,69.804,3.7724,2.8596,1.01,99.915,5.0695,1.0007,1,3.0005,5.0008,1.1999,1.1999,0.0010031,0.10003,-9.2628e-08,0.1,72.213,0.070202,31.661,51.61,0.125,95.194,0.7258,0.0071422,1.0006,83.27,61.926,16.005,0.0010031,0.3547,33.621,5.0695,0.59649,14.997,39.993
8641,0.84968,3.2704,0.1,0.00355,2130,209.48,12.077,11.388,142.03,11.984,40,1.0001,7.9995,0.93568,69.814,3.7724,2.8595,1.01,99.909,5.0695,1.0004,1,3.0005,5.0009,1.2,1.2,0.001003,0.10002,-8.205e-08,0.1,72.204,0.070211,31.65,51.61,0.12499,95.185,0.72579,0.0071375,1.0004,83.26,61.93,16.004,0.0010031,0.35468,33.62,5.0695,0.59643,14.997,39.993
10081,0.84967,3.2704,0.1,0.00355,2130,209.51,12.086,11.388,142.03,11.984,40,1.0001,7.9996,0.93585,69.824,3.7725,2.8594,1.01,99.906,5.0695,1.0003,1,3.0006,5.0009,1.2,1.2,0.0010029,0.10001,-7.2742e-08,0.1,72.196,0.070219,31.643,51.61,0.12499,95.177,0.72579,0.0071328,1.0002,83.253,61.934,16.004,0.001003,0.35467,33.62,5.0695,0.59636,14.997,39.992
11521,0.84966,3.2704,0.1,0.00355,2130,209.54,12.095,11.388,142.03,11.984,40,1,7.9997,0.93604,69.834,3.7725,2.8594,1.0101,99.905,5.0696,1.0001,1,3.0006,5.001,1.2001,1.2001,0.0010028,0.10001,-6.4828e-08,0.1,72.19,0.070226,31.636,51.61,0.12499,95.171,0.72578,0.0071281,1.0001,83.246,61.938,16.004,0.0010029,0.35466,33.62,5.0696,0.59631,14.997,39.992
12961,0.84967,3.2705,0.1,0.00355,2130,209.58,12.103,11.388,142.03,11.984,40,1,7.9997,0.93622,69.844,3.7725,2.8593,1.0102,99.906,5.0697,0.99999,1,3.0007,5.001,1.2002,1.2002,0.0010028,0.10001,-6.2716e-08,0.1,72.186,0.070231,31.632,51.61,0.12499,95.166,0.72577,0.0071235,0.99999,83.242,61.942,16.004,0.0010028,0.35467,33.621,5.0697,0.59626,14.997,39.992
14401,0.84967,3.2705,0.1,0.00355,2130,209.61,12.111,11.387,142.03,11.984,40,0.99997,7.9997,0.9364,69.853,3.7726,2.8593,1.0102,99.908,5.0698,0.9999,1,3.0007,5.0011,1.2003,1.2003,0.0010027,0.10001,-5.2419e-08,0.1,72.182,0.070236,31.628,51.61,0.12499,95.162,0.72577,0.0071189,0.99992,83.238,61.946,16.004,0.0010027,0.35467,33.622,5.0698,0.59621,14.997,39.992
15841,0.84968,3.2705,0.1,0.00355,2129.9,209.64,12.119,11.387,142.03,11.984,40,0.99995,7.9998,0.93658,69.863,3.7726,2.8593,1.0103,99.911,5.0699,0.99983,1,3.0007,5.0012,1.2003,1.2003,0.0010026,0.10001,-4.7696e-08,0.1,72.18,0.07024,31.625,51.61,0.12499,95.159,0.72576,0.0071144,0.99986,83.235,61.95,16.004,0.0010026,0.35468,33.623,5.0699,0.59616,14.997,39.992
17281,0.8497,3.2705,0.1,0.00355,2129.9,209.67,12.127,11.387,142.03,11.983,40,0.99994,7.9998,0.93675,69.872,3.7726,2.8593,1.0104,99.914,5.07,0.99978,1,3.0008,5.0012,1.2004,1.2004,0.0010024,0.10001,-4.363e-08,0.1,72.177,0.070244,31.623,51.61,0.12499,95.156,0.72575,0.00711,0.99982,83.233,61.953,16.004,0.0010025,0.3547,33.625,5.07,0.59612,14.997,39.992
18721,0.84971,3.2705,0.1,0.00355,2129.9,209.7,12.134,11.387,142.03,11.983,40,0.99992,7.9998,0.93692,69.882,3.7727,2.8592,1.0104,99.918,5.0701,0.99975,1,3.0008,5.0013,1.2005,1.2005,0.0010023,0.10001,-4.0138e-08,0.1,72.176,0.070247,31.622,51.61,0.12499,95.154,0.72574,0.0071057,0.99978,83.232,61.957,16.004,0.0010024,0.35471,33.626,5.0701,0.59608,14.997,39.992
20160,0.84973,3.2706,0.1,0.00355,2129.9,209.73,12.141,11.387,142.03,11.983,40,0.99992,7.9998,0.93709,69.89,3.7727,2.8592,1.0105,99.923,5.0703,0.99972,1,3.0008,5.0013,1.2006,1.2006,0.0010022,0.10001,-3.7115e-08,0.1,72.175,0.07025,31.621,51.61,0.12499,95.152,0.72574,0.0071015,0.99976,83.231,61.961,16.004,0.0010022,0.35473,33.628,5.0703,0.59605,14.997,39.992
20520,0.83907,3.217,0.0208,0.00355,2122.3,209.47,12.32,11.462,141.47,12.079,40,1.0666,7.921,0.6892,71.97,3.7294,2.9482,0.9327,96.921,5.0799,1.2221,1,2.9104,4.9113,1.1992,1.1992,0.00092531,0.027478,0.00072048,0.0208,80.802,0.062869,29.212,51.61,0.11795,99.917,0.73417,0.0061239,1.1888,80.822,61.89,15.102,-0.00037364,0.34407,31.61,5.0801,0.61664,15.002,40.089
20880,0.80125,2.8792,0.0208,0.00355,2122.7,202.7,17.027,12.024,138.56,12.902,40,1.5283,7.2369,0.14327,84.263,3.6354,3.0838,0.81232,86.266,4.8269,2.7611,1,2.4055,4.4147,0.93076,0.93076,0.00037246,0.013555,0.0001209,0.0208,140.93,0.03425,41.074,51.61,-0.028651,101.72,0.75316,0.00034652,2.497,92.684,48.037,-3.6685,-0.028962,0.30625,26.795,4.8269,0.87836,15.32,40.929
21240,0.79389,2.8892,0.0208,0.00355,2125.4,199.75,16.619,12.027,138.91,12.893,40,1.508,7.2492,0.13965,83.379,3.6163,3.0529,0.80411,84.194,4.7763,2.6934,1,2.3957,4.4177,0.91923,0.91923,0,0.013029,-3.3056e-05,0.0208,138.23,0.034553,39.981,51.61,-0.030537,100.21,0.75713,0.00076177,2.4394,91.591,47.442,-3.91,-0.029267,0.29889,26.393,4.7763,0.86546,15.3,40.847
21600,0.78752,2.9183,0.0208,0.00355,2128.2,198.13,15.87,12.009,139.35,12.848,40,1.4654,7.3095,0.14416,82.137,3.6126,3.0486,0.79519,82.4,4.7666,2.5512,1,2.4121,4.4461,0.92278,0.92278,0,0.013376,-6.6e-05,0.0208,132.63,0.035941,37.686,51.61,-0.025229,99.08,0.7579,0.0013456,2.3185,89.296,47.624,-3.2304,-0.028241,0.29252,25.843,4.7666,0.83928,15.273,40.739
21960,0.78197,2.9515,0.0208,0.00355,2130.8,197.32,15.188,11.981,139.78,12.795,40,1.4188,7.3839,0.15132,80.977,3.6166,3.0587,0.78707,80.835,4.7771,2.3961,1,2.4368,4.4816,0.93137,0.93137,0,0.013904,-8.7303e-05,0.0208,126.53,0.037756,35.183,51.61,-0.018143,98.109,0.75706,0.0018908,2.1867,86.793,48.068,-2.323,-0.026861,0.28697,25.246,4.7771,0.81401,15.244,40.631
22320,0.77712,2.9847,0.0208,0.00355,2133.1,197.05,14.622,11.948,140.18,12.74,40,1.3734,7.4625,0.15966,79.944,3.6258,3.0791,0.78018,79.472,4.8015,2.2445,1,2.4649,4.5192,0.94219,0.94219,5.603e-05,0.014513,-8.9316e-05,0.0208,120.59,0.039817,32.737,51.61,-0.01055,97.215,0.75514,0.0023765,2.0578,84.347,48.627,-1.3508,-0.025372,0.28212,24.632,4.8015,0.79187,15.217,40.531
22680,0.77296,3.0173,0.0208,0.00355,2135.3,197.17,14.142,11.916,140.51,12.69,40,1.3299,7.5425,0.1688,79.014,3.6392,3.1077,0.7745,78.298,4.837,2.0997,1,2.4953,4.5579,0.95473,0.95473,9.7607e-05,0.0151,-8.6875e-05,0.0208,114.93,0.042087,30.4,51.61,-0.0025929,96.396,0.75237,0.0028132,1.9347,82.01,49.274,-0.33199,-0.023825,0.27796,24.024,4.837,0.77317,15.197,40.45
23040,0.76939,3.0471,0.0208,0.00355,2137.2,197.52,13.754,11.886,140.78,12.644,40,1.291,7.6178,0.17783,78.221,3.6545,3.1406,0.77013,77.293,4.8778,1.9699,1,2.5251,4.5946,0.96718,0.96718,0.00013749,0.015645,-8.0239e-05,0.0208,109.86,0.044399,28.306,51.61,0.0048995,95.617,0.74921,0.003186,1.8244,79.916,49.916,0.62734,-0.022365,0.27439,23.447,4.8779,0.75792,15.182,40.385
23400,0.76636,3.0736,0.0208,0.00355,2139,198.01,13.438,11.859,141,12.605,40,1.2569,7.6864,0.18641,77.55,3.6706,3.1751,0.76694,76.439,4.9208,1.8563,1,2.5533,4.6284,0.97895,0.97895,0.00017272,0.01613,-7.2253e-05,0.0208,105.44,0.04667,26.473,51.61,0.011742,94.881,0.74593,0.0035013,1.7278,78.083,50.524,1.5034,-0.021028,0.27136,22.918,4.921,0.74566,15.17,40.333
23760,0.7908,3.4313,0.0208,0.00355,2117.9,200.57,11.453,11.229,142.11,11.784,40,0.80775,8.2587,1.6594,64.548,4.0075,2.5894,1.1875,83.323,5.0313,0.35917,1,3.1073,5.186,1.2545,1.2545,0.00019257,0.56456,-0.0036532,0.0208,47.507,0.10591,14.808,51.61,0.16344,66.793,0.68323,0.0096123,0.45529,66.418,64.746,20.926,0.0081944,0.2958,30.631,5.0314,0.55441,14.904,39.922
24120,0.76532,3.0464,0.0208,0.00355,2080.8,195.42,13.546,11.535,141.35,12.203,40,1.2892,7.6367,0.18841,77.988,3.6203,3.0619,0.7709,76.145,4.7867,1.9641,1,2.5057,4.5846,0.95394,0.95394,0.0082094,0.020225,0.0024879,0.0208,109.58,0.043684,28.212,51.61,0.00029327,94.078,0.7563,0.0032958,1.8195,79.822,49.233,0.03755,-0.023156,0.27032,23.687,4.7867,0.6685,14.721,39.751
24480,0.76427,2.986,0.0208,0.00355,2083.1,192.46,14.204,11.727,140,12.454,40,1.3565,7.4324,0.14676,79.75,3.5595,2.9544,0.7639,75.851,4.6274,2.1883,1,2.4133,4.5008,0.90906,0.90906,0.00022715,0.012997,3.5028e-05,0.0208,118.27,0.039125,31.83,51.61,-0.023302,94.636,0.76922,0.0024676,2.01,83.44,46.916,-2.9836,-0.027722,0.26927,24.469,4.6274,0.7275,14.88,40.228
24840,0.76098,2.9954,0.0208,0.00355,2085.9,190.89,13.984,11.732,140.19,12.455,40,1.3416,7.4521,0.14707,79.134,3.5543,2.9475,0.75983,74.925,4.614,2.1386,1,2.4122,4.5089,0.90667,0.90667,0.00019194,0.013058,5.007e-06,0.0208,116.31,0.039669,31.028,51.61,-0.02234,93.93,0.77033,0.0027569,1.9678,82.638,46.793,-2.8604,-0.027527,0.26598,24.214,4.614,0.72263,14.879,40.192
25200,0.758,3.009,0.0208,0.00355,2088.7,189.78,13.75,11.732,140.38,12.448,40,1.322,7.484,0.14939,78.496,3.5541,2.9495,0.75584,74.085,4.6135,2.0734,1,2.4178,4.5232,0.90807,0.90807,0.00019438,0.013273,-8.4252e-06,0.0208,113.75,0.040557,29.976,51.61,-0.019785,93.315,0.77037,0.0030567,1.9124,81.586,46.865,-2.5333,-0.027033,0.263,23.913,4.6134,0.71656,14.878,40.153
25560,0.75535,3.0248,0.0208,0.00355,2091.3,189.07,13.523,11.727,140.57,12.437,40,1.3002,7.5232,0.15302,77.878,3.5577,2.9586,0.75223,73.338,4.6228,2.0006,1,2.4277,4.5412,0.91203,0.91203,0.0002026,0.013549,-1.6962e-05,0.0208,110.91,0.041682,28.802,51.61,-0.016257,92.764,0.7696,0.0033472,1.8505,80.412,47.07,-2.0815,-0.026352,0.26035,23.586,4.6229,0.7103,14.877,40.117
25920,0.75302,3.0416,0.0208,0.00355,2093.9,188.64,13.312,11.72,140.75,12.424,40,1.2777,7.5663,0.15748,77.299,3.5642,2.973,0.74897,72.681,4.6396,1.9257,1,2.4405,4.5613,0.91765,0.91765,0.00021405,0.013856,-2.1221e-05,0.0208,107.98,0.042967,27.593,51.61,-0.01218,92.283,0.7682,0.0036195,1.7869,79.203,47.36,-1.5595,-0.025564,0.25802,23.248,4.6396,0.70434,14.877,40.083
26280,0.751,3.0583,0.0208,0.00355,2096.3,188.45,13.119,11.712,140.9,12.411,40,1.2557,7.6106,0.16242,76.77,3.5726,2.9912,0.74622,72.112,4.6617,1.8525,1,2.4548,4.5822,0.92426,0.92426,0.00022745,0.014176,-2.2637e-05,0.0208,105.13,0.044344,26.411,51.61,-0.0078632,91.849,0.76638,0.0038682,1.7246,78.021,47.701,-1.0068,-0.02473,0.256,22.913,4.6617,0.69896,14.878,40.055
26640,0.74927,3.0745,0.0208,0.00355,2098.7,188.43,12.946,11.704,141.04,12.398,40,1.235,7.6542,0.16757,76.295,3.5825,3.0122,0.74402,71.626,4.6876,1.7832,1,2.4698,4.6031,0.93138,0.93138,0.000241,0.014492,-2.2313e-05,0.0208,102.43,0.045763,25.294,51.61,-0.0035133,91.454,0.76426,0.0040912,1.6657,76.904,48.068,-0.44985,-0.023889,0.25427,22.59,4.6876,0.69428,14.88,40.031
27000,0.74782,3.0897,0.0208,0.00355,2100.9,188.55,12.791,11.696,141.15,12.387,40,1.2157,7.6959,0.17277,75.874,3.5933,3.0347,0.74236,71.217,4.7158,1.7192,1,2.485,4.6235,0.93867,0.93867,0.00025383,0.014798,-2.0728e-05,0.0208,99.945,0.047183,24.26,51.61,0.00074417,91.094,0.76197,0.0042892,1.6113,75.87,48.445,0.095284,-0.023064,0.25282,22.283,4.7158,0.69033,14.884,40.012
27360,0.74662,3.1038,0.0208,0.00355,2103,188.75,12.653,11.689,141.25,12.376,40,1.1983,7.7351,0.17789,75.504,3.6045,3.0582,0.74116,70.88,4.7453,1.6609,1,2.4999,4.6428,0.94595,0.94595,0.00026531,0.015088,-1.8571e-05,0.0208,97.687,0.048577,23.32,51.61,0.0048362,90.77,0.7596,0.0044633,1.5617,74.929,48.821,0.61923,-0.022271,0.25162,21.999,4.7453,0.68707,14.888,39.998
27720,0.74565,3.1167,0.0208,0.00355,2105,189.03,12.529,11.683,141.33,12.367,40,1.1825,7.7715,0.18287,75.178,3.6159,3.0818,0.74039,70.606,4.7753,1.6083,1,2.5144,4.6611,0.95309,0.95309,0.00027529,0.01536,-1.6219e-05,0.0208,95.653,0.049924,22.471,51.61,0.0087308,90.479,0.75721,0.0046162,1.517,74.081,49.189,1.1179,-0.021515,0.25065,21.737,4.7753,0.68442,14.894,39.987
28080,0.74967,3.2484,0.0208,0.00355,2106.9,189.97,11.868,11.534,141.49,12.165,40,0.99636,7.9735,0.38376,70.024,3.6248,2.8833,0.79506,71.739,4.7968,0.98785,1,2.7129,4.8627,1.1197,1.1197,0,0.016254,-0.0053062,0.0208,71.496,0.067093,12.46,51.61,0.091991,85.672,0.75535,0.0070388,0.98967,64.07,57.788,11.779,-0.0054101,0.25467,23.624,4.7981,0.63139,14.891,39.958
28440,0.74978,3.2351,0.0208,0.00355,2070.9,187.37,12.397,11.247,142.59,11.831,40,1.0172,7.9872,0.40284,69.919,3.6047,2.8652,0.78032,71.769,4.7464,1.0572,1,2.6798,4.8291,1.1009,1.1009,0.001654,0.021878,0.0024957,0.0208,74.15,0.064014,13.579,51.61,0.084756,87.355,0.75957,0.0070882,1.0487,65.189,56.82,10.852,-0.006564,0.25478,23.79,4.7465,0.58442,14.524,39.391
28800,0.74835,3.0529,0.0208,0.00355,2072.7,185.3,13.057,11.643,140.46,12.328,40,1.2577,7.5832,0.15646,76.691,3.5459,2.9373,0.74141,71.365,4.5921,1.8591,1,2.4162,4.5709,0.91345,0.91345,0.00028229,0.013326,3.6106e-05,0.0208,105.35,0.043588,26.518,51.61,-0.011978,91.473,0.77216,0.003905,1.7302,78.127,47.143,-1.5337,-0.025465,0.25335,23.089,4.5921,0.68471,14.757,40.006
29160,0.74681,3.0592,0.0208,0.00355,2075.4,184.57,12.947,11.648,140.6,12.332,40,1.2486,7.5996,0.15758,76.372,3.5467,2.9408,0.73967,70.932,4.5941,1.8286,1,2.4167,4.5779,0.91365,0.91365,0.00023101,0.01343,6.6662e-06,0.0208,104.16,0.044107,26.026,51.61,-0.010897,91.101,0.77199,0.0040554,1.7043,77.636,47.153,-1.3953,-0.025257,0.25181,22.914,4.5941,0.68345,14.761,39.983
29520,0.7454,3.0676,0.0208,0.00355,2078,184.05,12.834,11.65,140.74,12.331,40,1.2373,7.6221,0.15977,76.029,3.55,2.9491,0.73806,70.536,4.6029,1.7909,1,2.4209,4.5882,0.91572,0.91572,0.00023953,0.013675,2.0586e-06,0.0208,102.69,0.044822,25.418,51.61,-0.008989,90.76,0.77126,0.0042166,1.6723,77.028,47.26,-1.151,-0.024898,0.2504,22.714,4.6029,0.68162,14.765,39.96
29880,0.74416,3.077,0.0208,0.00355,2080.5,183.72,12.721,11.65,140.87,12.33,40,1.225,7.6479,0.16258,75.695,3.5553,2.9609,0.73656,70.186,4.6166,1.7501,1,2.4272,4.6003,0.91904,0.91904,0.0002485,0.013933,-1.0714e-06,0.0208,101.11,0.045661,24.76,51.61,-0.0066108,90.462,0.77012,0.0043735,1.6376,76.37,47.431,-0.84646,-0.024447,0.24916,22.503,4.6165,0.67973,14.769,39.94
30240,0.74308,3.0869,0.0208,0.00355,2082.9,183.55,12.611,11.649,140.98,12.327,40,1.2125,7.6754,0.16581,75.377,3.562,2.9754,0.73539,69.883,4.634,1.7082,1,2.435,4.6134,0.92323,0.92323,0.00025734,0.014198,-3.0432e-06,0.0208,99.48,0.046582,24.083,51.61,-0.0039277,90.185,0.76867,0.0045227,1.602,75.693,47.648,-0.50291,-0.023935,0.24808,22.29,4.634,0.67792,14.774,39.923
30240,0.74308,3.0869,0.0208,0.00355,2082.9,183.55,12.611,11.649,140.98,12.327,40,1.2125,7.6754,0.16581,75.377,3.562,2.9754,0.73539,69.883,4.634,1.7082,1,2.435,4.6134,0.92323,0.92323,0.00025734,0.014198,-3.0432e-06,0.0208,99.48,0.046582,24.083,51.61,-0.0039277,90.185,0.76867,0.0045227,1.602,75.693,47.648,-0.50291,-0.023935,0.24808,22.29,4.634,0.67792,14.774,39.923
30600,0.75754,3.4217,0.1875,0.00355,2127.7,186.01,11.013,11.407,142.18,11.989,40,0.79557,8.2515,1.2976,62.772,3.9555,2.5949,1.0828,73.955,4.8994,0.31858,1,2.9633,5.1451,1.2215,1.2215,6.9374e-05,0.41638,-0.0057191,0.1875,45.87,0.10682,8.9339,51.61,0.15569,64.646,0.69221,0.010447,0.42079,60.544,63.043,19.934,0.0069088,0.26254,26.976,4.8993,0.58193,14.965,39.937
30960,0.7553,3.37,0.1875,0.00355,2111.2,184.2,11.956,11.165,144.64,11.723,40,0.85677,8.185,0.93765,64.39,3.7662,2.6559,0.94303,73.324,4.7542,0.52257,1,2.8607,5.042,1.1553,1.1553,0.0014303,0.14159,0.00019019,0.1875,53.523,0.088826,11.857,51.61,0.12394,73.76,0.72699,0.0096867,0.59419,63.467,59.626,15.87,0.0014601,0.2603,26.19,4.7542,0.55786,14.597,39.117
31320,0.75873,3.3679,0.1875,0.00355,2122.2,183.46,11.817,11.221,144.77,11.783,40,0.86009,8.1805,0.95119,64.085,3.7701,2.6609,0.95005,74.29,4.7659,0.53364,1,2.8628,5.0435,1.155,1.155,0.0018151,0.17007,0.00011544,0.1875,53.963,0.088318,12.71,51.61,0.12477,74.228,0.72625,0.00983,0.60359,64.32,59.61,15.976,0.0016738,0.26373,26.503,4.7659,0.56216,14.659,39.15
31680,0.76203,3.3665,0.1875,0.00355,2125.6,183.42,11.747,11.252,144.65,11.817,40,0.86302,8.1765,0.96025,64.011,3.7735,2.6651,0.95487,75.22,4.7761,0.54341,1,2.8655,5.0456,1.1561,1.1561,0.0019648,0.18449,6.0014e-05,0.1875,54.352,0.087873,13.454,51.61,0.12544,74.823,0.72559,0.009865,0.6119,65.064,59.666,16.062,0.0018147,0.26703,26.808,4.7761,0.56455,14.695,39.204
32040,0.76514,3.3647,0.1875,0.00355,2125.5,183.71,11.729,11.268,144.45,11.834,40,0.86612,8.1724,0.96332,64.071,3.7755,2.6696,0.95732,76.095,4.7846,0.55372,1,2.8673,5.0468,1.1577,1.1577,0.0020314,0.19021,3.2263e-05,0.1875,54.76,0.087373,14.121,51.61,0.12589,75.544,0.7252,0.0098367,0.62066,65.731,59.747,16.119,0.0018957,0.27014,27.09,4.7846,0.56597,14.714,39.256
32400,0.76807,3.3628,0.1875,0.00355,2124.2,184.15,11.735,11.277,144.25,11.844,40,0.86923,8.1682,0.96476,64.191,3.7772,2.674,0.95914,76.92,4.7925,0.56409,1,2.8688,5.0477,1.1594,1.1594,0.0020601,0.19202,1.8371e-05,0.1875,55.17,0.086868,14.735,51.61,0.12621,76.259,0.72487,0.0097802,0.62948,66.345,59.837,16.16,0.0019434,0.27307,27.353,4.7925,0.5669,14.726,39.301
32760,0.77083,3.3609,0.1875,0.00355,2122.5,184.65,11.753,11.282,144.06,11.85,40,0.87227,8.1641,0.96588,64.337,3.7788,2.6783,0.96084,77.699,4.8003,0.57423,1,2.8701,5.0485,1.1611,1.1611,0.0020709,0.19223,1.1288e-05,0.1875,55.571,0.086382,15.306,51.61,0.12646,76.933,0.72456,0.0097118,0.63809,66.916,59.926,16.192,0.0019723,0.27583,27.6,4.8003,0.56759,14.733,39.34
33120,0.77344,3.3591,0.1875,0.00355,2120.8,185.18,11.777,11.286,143.9,11.854,40,0.8752,8.1602,0.96714,64.491,3.7804,2.6825,0.96258,78.434,4.8079,0.58399,1,2.8714,5.0491,1.1628,1.1628,0.002073,0.19183,7.6146e-06,0.1875,55.956,0.085923,15.842,51.61,0.12666,77.556,0.72425,0.0096394,0.64639,67.451,60.013,16.217,0.0019898,0.27844,27.83,4.8079,0.56814,14.738,39.372
33480,0.7759,3.3574,0.1875,0.00355,2119.4,185.7,11.803,11.288,143.77,11.857,40,0.87799,8.1565,0.96864,64.645,3.7821,2.6865,0.96438,79.128,4.8153,0.59331,1,2.8726,5.0498,1.1644,1.1644,0.0020707,0.19125,5.647e-06,0.1875,56.324,0.085492,16.344,51.61,0.12682,78.129,0.72394,0.0095668,0.65431,67.954,60.097,16.239,0.002,0.2809,28.047,4.8153,0.5686,14.742,39.4
33840,0.77822,3.3558,0.1875,0.00355,2118.1,186.21,11.831,11.29,143.65,11.859,40,0.88065,8.1529,0.97036,64.796,3.7837,2.6902,0.96623,79.781,4.8224,0.60217,1,2.8738,5.0504,1.166,1.166,0.0020659,0.19066,4.5352e-06,0.1875,56.675,0.08509,16.816,51.61,0.12696,78.654,0.72363,0.0094959,0.66184,68.426,60.175,16.257,0.0020054,0.28322,28.249,4.8224,0.56902,14.745,39.424
34200,0.78089,3.3537,0.1875,0.00355,2117.2,186.72,11.854,11.293,143.54,11.863,40,0.88403,8.1484,0.97136,64.954,3.785,2.695,0.96815,80.533,4.8306,0.61344,1,2.8746,5.0506,1.1674,1.1674,0.0020741,0.18947,1.3973e-05,0.1875,57.119,0.084572,17.372,51.61,0.12707,79.273,0.72338,0.0094214,0.67142,68.982,60.252,16.27,0.0019999,0.28589,28.477,4.8306,0.5697,14.75,39.447
34560,0.78382,3.3516,0.1875,0.00355,2116.5,187.25,11.869,11.298,143.43,11.868,40,0.88744,8.1439,0.97435,65.113,3.787,2.6999,0.97089,81.357,4.8399,0.62481,1,2.8758,5.0512,1.1691,1.1691,0.0020674,0.18941,1.0714e-05,0.1875,57.568,0.084073,17.98,51.61,0.12724,79.896,0.723,0.0093469,0.68109,69.59,60.337,16.291,0.002003,0.28882,28.731,4.8399,0.57043,14.757,39.472
34920,0.78669,3.3496,0.1875,0.00355,2115.8,187.8,11.887,11.301,143.33,11.872,40,0.89084,8.1394,0.97743,65.276,3.789,2.7048,0.97368,82.168,4.8492,0.63612,1,2.877,5.0518,1.1707,1.1707,0.0020592,0.18926,8.9618e-06,0.1875,58.015,0.083585,18.576,51.61,0.12738,80.497,0.72263,0.0092702,0.6907,70.186,60.42,16.31,0.0020019,0.29169,28.978,4.8492,0.5711,14.762,39.494
35280,0.78952,3.3475,0.1875,0.00355,2115.2,188.34,11.905,11.304,143.24,11.876,40,0.89421,8.135,0.98052,65.44,3.7909,2.7096,0.97648,82.964,4.8584,0.64737,1,2.8781,5.0524,1.1723,1.1723,0.0020495,0.18903,8.0949e-06,0.1875,58.459,0.083108,19.16,51.61,0.12751,81.08,0.72226,0.0091932,0.70026,70.77,60.502,16.326,0.0019977,0.29452,29.22,4.8584,0.57174,14.767,39.514
35640,0.7923,3.3455,0.1875,0.00355,2114.7,188.88,11.923,11.307,143.16,11.88,40,0.89755,8.1306,0.98364,65.603,3.7928,2.7144,0.9793,83.745,4.8675,0.65851,1,2.8791,5.0529,1.1738,1.1738,0.0020386,0.18878,7.6306e-06,0.1875,58.899,0.082642,19.734,51.61,0.12762,81.643,0.7219,0.0091166,0.70974,71.343,60.581,16.34,0.0019913,0.2973,29.455,4.8675,0.57238,14.771,39.532
36000,0.79502,3.3435,0.1875,0.00355,2114.3,189.41,11.94,11.31,143.09,11.883,40,0.90086,8.1262,0.98677,65.763,3.7947,2.7191,0.98211,84.512,4.8765,0.66953,1,2.8802,5.0533,1.1753,1.1753,0.0020269,0.18855,7.3546e-06,0.1875,59.333,0.082189,20.296,51.61,0.12771,82.187,0.72154,0.0090412,0.7191,71.906,60.658,16.353,0.0019833,0.30002,29.685,4.8765,0.573,14.776,39.548
36360,0.79769,3.3415,0.1875,0.00355,2114,189.93,11.957,11.312,143.03,11.886,40,0.90412,8.122,0.98989,65.921,3.7965,2.7237,0.98492,85.264,4.8854,0.6804,1,2.8812,5.0538,1.1768,1.1768,0.0020145,0.18833,7.1674e-06,0.1875,59.762,0.081748,20.847,51.61,0.1278,82.714,0.72119,0.008967,0.72834,72.457,60.732,16.364,0.0019742,0.30269,29.91,4.8854,0.57362,14.78,39.563
36720,0.8003,3.3396,0.1875,0.00355,2113.7,190.44,11.973,11.315,142.97,11.889,40,0.90734,8.1178,0.99301,66.076,3.7983,2.7283,0.98772,86,4.8942,0.69112,1,2.8821,5.0542,1.1781,1.1781,0.0020018,0.18814,7.0211e-06,0.1875,60.185,0.081319,21.386,51.61,0.12788,83.224,0.72085,0.0088942,0.73745,72.996,60.804,16.374,0.0019643,0.3053,30.129,4.8942,0.57425,14.784,39.577
37080,0.80286,3.3376,0.1875,0.00355,2113.5,190.94,11.989,11.318,142.92,11.892,40,0.9105,8.1136,0.9961,66.228,3.8,2.7329,0.99049,86.721,4.9028,0.70166,1,2.883,5.0545,1.1795,1.1795,0.0019887,0.18797,6.8924e-06,0.1875,60.601,0.080903,21.914,51.61,0.12795,83.717,0.72052,0.008823,0.74641,73.524,60.873,16.382,0.0019537,0.30786,30.342,4.9028,0.57486,14.788,39.59
37440,0.80536,3.3357,0.1875,0.00355,2113.4,191.42,12.004,11.32,142.87,11.895,40,0.91361,8.1096,0.99915,66.376,3.8017,2.7373,0.99322,87.426,4.9113,0.71203,1,2.8839,5.0548,1.1808,1.1808,0.0019756,0.18781,6.7693e-06,0.1875,61.01,0.0805,22.43,51.61,0.12801,84.194,0.7202,0.0087534,0.75522,74.04,60.94,16.39,0.0019426,0.31036,30.55,4.9113,0.57548,14.792,39.602
37800,0.80781,3.3339,0.1875,0.00355,2113.3,191.9,12.018,11.322,142.83,11.898,40,0.91666,8.1056,1.0022,66.521,3.8034,2.7417,0.99593,88.114,4.9197,0.72221,1,2.8848,5.0551,1.182,1.182,0.0019623,0.18766,6.6443e-06,0.1875,61.412,0.080109,22.935,51.61,0.12806,84.656,0.71989,0.0086853,0.76388,74.544,61.005,16.397,0.0019311,0.31281,30.751,4.9197,0.57609,14.796,39.614
38160,0.81019,3.332,0.1875,0.00355,2113.2,192.36,12.031,11.325,142.79,11.901,40,0.91966,8.1018,1.0051,66.662,3.805,2.746,0.99859,88.787,4.9278,0.73219,1,2.8856,5.0554,1.1832,1.1832,0.0019491,0.18747,6.5071e-06,0.1875,61.806,0.079731,23.427,51.61,0.1281,85.102,0.71958,0.0086189,0.77237,75.037,61.067,16.402,0.0019188,0.31519,30.948,4.9278,0.5767,14.8,39.624
38520,0.81252,3.3302,0.1875,0.00355,2113.2,192.81,12.044,11.327,142.75,11.904,40,0.9226,8.0979,1.0079,66.8,3.8065,2.7502,1.0012,89.442,4.9358,0.742,1,2.8864,5.0556,1.1844,1.1844,0.0019358,0.18703,6.3184e-06,0.1875,62.192,0.079363,23.909,51.61,0.12813,85.534,0.71929,0.0085541,0.7807,75.519,61.125,16.405,0.0019038,0.31752,31.138,4.9358,0.5773,14.803,39.634
38880,0.81478,3.3284,0.1875,0.00355,2113.2,193.25,12.057,11.329,142.71,11.907,40,0.92551,8.0942,1.0105,66.935,3.808,2.7544,1.0037,90.08,4.9436,0.75169,1,2.8872,5.0558,1.1853,1.1853,0.0019225,0.1852,5.8499e-06,0.1875,62.575,0.079003,24.387,51.61,0.12808,85.953,0.71902,0.0084904,0.78894,75.997,61.173,16.399,0.0018747,0.31978,31.321,4.9435,0.5779,14.807,39.644
39240,0.817,3.3268,0.1875,0.00355,2113.2,193.68,12.069,11.332,142.68,11.91,40,0.92825,8.0907,1.0137,67.064,3.8095,2.7583,1.0063,90.705,4.9512,0.76085,1,2.888,5.0561,1.1867,1.1867,0.0019091,0.18739,5.7188e-06,0.1875,62.936,0.078671,24.828,51.61,0.12822,86.352,0.71872,0.0084301,0.79672,76.438,61.243,16.418,0.001886,0.322,31.504,4.9512,0.57849,14.811,39.653
39600,0.81915,3.3251,0.1875,0.00355,2113.3,194.1,12.08,11.334,142.65,11.913,40,0.93101,8.0871,1.0163,67.191,3.8109,2.7622,1.0087,91.311,4.9587,0.77002,1,2.8887,5.0563,1.1877,1.1877,0.0018973,0.18724,5.9825e-06,0.1875,63.297,0.078339,25.27,51.61,0.12825,86.742,0.71846,0.0083703,0.80452,76.88,61.297,16.421,0.0018735,0.32415,31.677,4.9587,0.57907,14.814,39.661
39960,0.82124,3.3234,0.1875,0.00355,2113.4,194.5,12.091,11.336,142.63,11.916,40,0.93368,8.0837,1.0189,67.314,3.8123,2.766,1.0111,91.9,4.9659,0.77894,1,2.8894,5.0564,1.1887,1.1887,0.0018849,0.18723,5.8834e-06,0.1875,63.649,0.078021,25.7,51.61,0.12828,87.117,0.71821,0.0083124,0.8121,77.31,61.35,16.425,0.0018626,0.32624,31.846,4.9659,0.57965,14.818,39.67
40320,0.82328,3.3218,0.1875,0.00355,2113.5,194.89,12.101,11.338,142.6,11.918,40,0.93629,8.0803,1.0215,67.433,3.8136,2.7698,1.0135,92.473,4.973,0.78762,1,2.8901,5.0565,1.1897,1.1897,0.0018727,0.18724,5.7182e-06,0.1875,63.991,0.077714,26.117,51.61,0.1283,87.479,0.71796,0.0082563,0.81948,77.727,61.401,16.428,0.0018521,0.32828,32.01,4.973,0.58022,14.821,39.677
40320,0.82328,3.3218,0.1875,0.00355,2113.5,194.89,12.101,11.338,142.6,11.918,40,0.93629,8.0803,1.0215,67.433,3.8136,2.7698,1.0135,92.473,4.973,0.78762,1,2.8901,5.0565,1.1897,1.1897,0.0018727,0.18724,5.7182e-06,0.1875,63.991,0.077714,26.117,51.61,0.1283,87.479,0.71796,0.0082563,0.81948,77.727,61.401,16.428,0.0018521,0.32828,32.01,4.973,0.58022,14.821,39.677
50400,0.85861,3.2925,0.1875,0.00355,2117.8,201.73,12.247,11.376,142.29,11.967,40,0.98267,8.0218,1.0655,69.468,3.8325,2.8361,1.0555,102.42,5.0975,0.94223,1,2.9039,5.0552,1.2058,1.2058,0.0016599,0.18711,2.04e-06,0.1875,70.071,0.072747,33.333,51.61,0.12843,93.409,0.71442,0.0073,0.95089,84.943,62.232,16.444,0.0016535,0.36361,34.763,5.0975,0.5915,14.884,39.797
60480,0.86863,3.283,0.1875,0.00355,2120.3,203.85,12.261,11.387,142.24,11.982,40,0.99605,8.0052,1.0782,69.996,3.8319,2.8553,1.0679,105.25,5.133,0.98684,1,2.9123,5.0505,1.2099,1.2099,0.0016121,0.18736,4.4381e-07,0.1875,71.802,0.071489,35.379,51.61,0.12843,94.971,0.71454,0.0070517,0.98881,86.989,62.443,16.445,0.0016099,0.37363,35.519,5.133,0.59521,14.907,39.835
70560,0.87098,3.28,0.1875,0.00355,2121.3,204.45,12.252,11.389,142.23,11.985,40,0.99912,8.0015,1.0817,70.093,3.8264,2.8596,1.0709,105.91,5.1413,0.99706,1,2.9169,5.0459,1.2107,1.2107,0.0016131,0.18743,8.4798e-08,0.1875,72.177,0.071231,35.869,51.61,0.12845,95.324,0.71555,0.0070065,0.9975,87.479,62.484,16.447,0.0016119,0.37598,35.698,5.1413,0.59607,14.914,39.85
80640,0.87155,3.2786,0.1875,0.00355,2121.9,204.72,12.241,11.389,142.23,11.986,40,0.99977,8.0007,1.0829,70.095,3.8208,2.8606,1.0718,106.07,5.1431,0.99924,1,2.9206,5.0419,1.2108,1.2108,0.0016243,0.18744,7.0302e-09,0.1875,72.24,0.071195,35.997,51.61,0.12847,95.401,0.7166,0.0070055,0.99936,87.607,62.487,16.45,0.0016233,0.37655,35.745,5.1431,0.59625,14.919,39.861
90720,0.87174,3.2777,0.1875,0.00355,2122.5,204.95,12.232,11.389,142.24,11.986,40,0.99991,8.0005,1.0837,70.082,3.8159,2.8607,1.0722,106.12,5.1437,0.9997,1,2.9245,5.0386,1.2107,1.2107,0.0016366,0.18744,-8.6585e-09,0.1875,72.239,0.071204,36.045,51.61,0.12849,95.418,0.71752,0.0070116,0.99975,87.655,62.485,16.452,0.0016358,0.37674,35.763,5.1437,0.59627,14.923,39.869
1.008e+05,0.87185,3.277,0.1875,0.00355,2123.2,205.19,12.227,11.389,142.24,11.985,40,0.99994,8.0005,1.0845,70.069,3.8119,2.8608,1.0725,106.16,5.144,0.9998,1,2.9284,5.0359,1.2107,1.2107,0.0016483,0.18744,-1.1153e-08,0.1875,72.226,0.07122,36.073,51.61,0.12851,95.423,0.71827,0.0070175,0.99983,87.683,62.482,16.455,0.0016475,0.37685,35.774,5.144,0.59626,14.926,39.878
1.1088e+05,0.87194,3.2765,0.1875,0.00355,2123.8,205.45,12.223,11.389,142.25,11.985,40,0.99995,8.0004,1.0851,70.06,3.8086,2.8608,1.0728,106.18,5.1442,0.99983,1,2.9325,5.0336,1.2106,1.2106,0.0016591,0.18744,-1.09e-08,0.1875,72.214,0.071236,36.096,51.61,0.12853,95.424,0.7189,0.0070219,0.99985,87.706,62.481,16.457,0.0016583,0.37694,35.784,5.1442,0.59624,14.93,39.886
1.2096e+05,0.87202,3.276,0.1875,0.00355,2124.4,205.72,12.221,11.389,142.25,11.985,40,0.99995,8.0004,1.0858,70.053,3.8059,2.8608,1.0731,106.2,5.1445,0.99984,1,2.9366,5.0317,1.2106,1.2106,0.0016688,0.18744,-1.0115e-08,0.1875,72.203,0.071251,36.117,51.61,0.12854,95.424,0.71942,0.007025,0.99986,87.727,62.48,16.459,0.0016681,0.37702,35.794,5.1445,0.59621,14.934,39.894
1.3104e+05,0.8721,3.2756,0.1875,0.00355,2125,205.99,12.22,11.389,142.25,11.985,40,0.99995,8.0004,1.0864,70.049,3.8036,2.8608,1.0734,106.23,5.1448,0.99984,1,2.9406,5.0302,1.2106,1.2106,0.0016777,0.18744,-9.2712e-09,0.1875,72.194,0.071263,36.135,51.61,0.12856,95.423,0.71984,0.0070269,0.99987,87.745,62.48,16.461,0.001677,0.3771,35.802,5.1448,0.59619,14.938,39.901
1.4112e+05,0.87218,3.2753,0.1875,0.00355,2125.6,206.26,12.22,11.389,142.26,11.985,40,0.99996,8.0004,1.087,70.047,3.8017,2.8608,1.0736,106.25,5.1451,0.99985,1,2.9446,5.0289,1.2106,1.2106,0.0016858,0.18744,-8.47e-09,0.1875,72.187,0.071274,36.152,51.61,0.12857,95.423,0.7202,0.0070281,0.99987,87.762,62.481,16.462,0.0016851,0.37718,35.81,5.1451,0.59616,14.942,39.908
1.512e+05,0.87225,3.2751,0.1875,0.00355,2126.2,206.53,12.221,11.389,142.26,11.985,40,0.99996,8.0004,1.0876,70.045,3.8002,2.8608,1.0738,106.27,5.1453,0.99986,1,2.9486,5.0279,1.2107,1.2107,0.0016932,0.18744,-7.7326e-09,0.1875,72.18,0.071284,36.167,51.61,0.12858,95.422,0.72049,0.0070286,0.99988,87.777,62.482,16.464,0.0016925,0.37725,35.818,5.1453,0.59614,14.946,39.915
1.6128e+05,0.87232,3.2749,0.1875,0.00355,2126.7,206.8,12.222,11.389,142.26,11.985,40,0.99996,8.0004,1.0881,70.045,3.7989,2.8608,1.0741,106.29,5.1456,0.99987,1,2.9524,5.027,1.2107,1.2107,0.0016999,0.18744,-7.061e-09,0.1875,72.175,0.071293,36.182,51.61,0.12859,95.421,0.72073,0.0070287,0.99989,87.791,62.483,16.465,0.0016993,0.37732,35.825,5.1456,0.59612,14.95,39.922
1.7136e+05,0.87239,3.2747,0.1875,0.00355,2127.3,207.06,12.223,11.389,142.26,11.985,40,0.99996,8.0004,1.0886,70.046,3.7979,2.8608,1.0743,106.31,5.1458,0.99987,1,2.9561,5.0262,1.2107,1.2107,0.001706,0.18745,-6.4532e-09,0.1875,72.171,0.0713,36.194,51.61,0.1286,95.42,0.72092,0.0070284,0.99989,87.804,62.485,16.467,0.0017054,0.37739,35.832,5.1458,0.5961,14.953,39.928
1.8144e+05,0.87245,3.2745,0.1875,0.00355,2127.8,207.32,12.225,11.388,142.26,11.985,40,0.99996,8.0004,1.0891,70.047,3.797,2.8608,1.0745,106.32,5.1461,0.99988,1,2.9597,5.0256,1.2107,1.2107,0.0017116,0.18745,-5.9047e-09,0.1875,72.168,0.071307,36.206,51.61,0.12861,95.419,0.72109,0.0070279,0.9999,87.816,62.487,16.468,0.0017111,0.37745,35.838,5.1461,0.59608,14.957,39.934
1.9152e+05,0.8725,3.2744,0.1875,0.00355,2128.3,207.56,12.227,11.388,142.27,11.984,40,0.99997,8.0004,1.0895,70.049,3.7963,2.8608,1.0747,106.34,5.1463,0.99989,1,2.9631,5.0251,1.2108,1.2108,0.0017168,0.18745,-5.4108e-09,0.1875,72.165,0.071313,36.217,51.61,0.12862,95.418,0.72122,0.0070271,0.99991,87.827,62.488,16.469,0.0017162,0.3775,35.843,5.1463,0.59606,14.96,39.939
2.016e+05,0.87255,3.2743,0.1875,0.00355,2128.8,207.8,12.229,11.388,142.27,11.984,40,0.99997,8.0004,1.0899,70.05,3.7957,2.8608,1.0748,106.35,5.1465,0.9999,1,2.9664,5.0247,1.2108,1.2108,0.0017215,0.18745,-4.9665e-09,0.1875,72.163,0.071318,36.227,51.61,0.12863,95.417,0.72133,0.0070263,0.99991,87.837,62.49,16.47,0.001721,0.37755,35.849,5.1465,0.59604,14.963,39.944
2.1168e+05,0.8726,3.2742,0.1875,0.00355,2129.3,208.03,12.231,11.388,142.27,11.984,40,0.99997,8.0004,1.0903,70.052,3.7953,2.8609,1.075,106.37,5.1467,0.99991,1,2.9696,5.0244,1.2108,1.2108,0.0017257,0.18746,-4.5668e-09,0.1875,72.161,0.071323,36.236,51.61,0.12864,95.416,0.72143,0.0070254,0.99992,87.846,62.492,16.471,0.0017253,0.3776,35.854,5.1467,0.59603,14.966,39.949
2.2176e+05,0.87265,3.2742,0.1875,0.00355,2129.7,208.24,12.233,11.388,142.27,11.984,40,0.99997,8.0004,1.0906,70.055,3.7949,2.8609,1.0751,106.38,5.1469,0.99991,1,2.9726,5.0241,1.2109,1.2109,0.0017297,0.18746,-4.207e-09,0.1875,72.159,0.071327,36.244,51.61,0.12864,95.415,0.7215,0.0070244,0.99993,87.854,62.493,16.471,0.0017292,0.37765,35.858,5.1469,0.59601,14.969,39.954
2.3184e+05,0.87269,3.2741,0.1875,0.00355,2130.1,208.45,12.235,11.388,142.27,11.984,40,0.99998,8.0004,1.091,70.057,3.7945,2.8609,1.0753,106.39,5.1471,0.99992,1,2.9755,5.0238,1.2109,1.2109,0.0017333,0.18746,-3.8828e-09,0.1875,72.158,0.07133,36.252,51.61,0.12865,95.414,0.72157,0.0070234,0.99993,87.861,62.495,16.472,0.0017329,0.37769,35.862,5.1471,0.596,14.972,39.958
2.4192e+05,0.87273,3.2741,0.1875,0.00355,2130.5,208.65,12.236,11.388,142.27,11.984,40,0.99998,8.0004,1.0913,70.059,3.7943,2.8609,1.0754,106.4,5.1472,0.99992,1,2.9782,5.0236,1.2109,1.2109,0.0017366,0.18746,-3.5903e-09,0.1875,72.157,0.071334,36.258,51.61,0.12865,95.413,0.72162,0.0070223,0.99994,87.868,62.496,16.473,0.0017362,0.37773,35.866,5.1472,0.59599,14.975,39.962
2.52e+05,0.87277,3.274,0.1875,0.00355,2130.9,208.84,12.238,11.388,142.27,11.984,40,0.99998,8.0004,1.0916,70.061,3.794,2.8609,1.0755,106.41,5.1474,0.99993,1,2.9808,5.0235,1.211,1.211,0.0017396,0.18746,-3.3258e-09,0.1875,72.156,0.071337,36.265,51.61,0.12866,95.412,0.72166,0.0070213,0.99994,87.875,62.498,16.473,0.0017392,0.37777,35.87,5.1474,0.59597,14.977,39.966
2.6208e+05,0.8728,3.274,0.1875,0.00355,2131.3,209.02,12.24,11.388,142.28,11.984,40,0.99998,8.0004,1.0918,70.063,3.7938,2.8609,1.0756,106.42,5.1475,0.99993,1,2.9833,5.0233,1.211,1.211,0.0017424,0.18747,-3.0861e-09,0.1875,72.155,0.071339,36.271,51.61,0.12866,95.411,0.72169,0.0070203,0.99994,87.881,62.499,16.474,0.001742,0.3778,35.873,5.1475,0.59596,14.98,39.969
2.7216e+05,0.87283,3.274,0.1875,0.00355,2131.6,209.19,12.242,11.388,142.28,11.984,40,0.99998,8.0004,1.0921,70.065,3.7937,2.8609,1.0758,106.43,5.1476,0.99994,1,2.9857,5.0232,1.211,1.211,0.0017449,0.18747,-2.8684e-09,0.1875,72.155,0.071342,36.276,51.61,0.12867,95.41,0.72172,0.0070193,0.99995,87.886,62.501,16.475,0.0017446,0.37783,35.876,5.1476,0.59595,14.982,39.973
2.8224e+05,0.87286,3.274,0.1875,0.00355,2131.9,209.36,12.243,11.388,142.28,11.984,40,0.99998,8.0004,1.0923,70.067,3.7936,2.8609,1.0758,106.44,5.1478,0.99994,1,2.9879,5.0231,1.211,1.211,0.0017472,0.18747,-2.6702e-09,0.1875,72.154,0.071344,36.281,51.61,0.12867,95.41,0.72175,0.0070183,0.99995,87.891,62.502,16.475,0.0017469,0.37786,35.879,5.1478,0.59594,14.984,39.976
2.9232e+05,0.87289,3.2739,0.1875,0.00355,2132.3,209.51,12.245,11.388,142.28,11.984,40,0.99998,8.0004,1.0925,70.069,3.7935,2.8609,1.0759,106.45,5.1479,0.99995,1,2.99,5.0231,1.2111,1.2111,0.0017494,0.18747,-2.4893e-09,0.1875,72.154,0.071346,36.285,51.61,0.12867,95.409,0.72177,0.0070174,0.99996,87.895,62.503,16.475,0.0017491,0.37789,35.882,5.1479,0.59593,14.987,39.979
3.024e+05,0.87291,3.2739,0.1875,0.00355,2132.5,209.66,12.246,11.388,142.28,11.984,40,0.99999,8.0004,1.0927,70.071,3.7934,2.8609,1.076,106.45,5.148,0.99995,1,2.9921,5.023,1.2111,1.2111,0.0017513,0.18747,-2.3238e-09,0.1875,72.153,0.071348,36.29,51.61,0.12868,95.408,0.72178,0.0070165,0.99996,87.9,62.504,16.476,0.0017511,0.37791,35.884,5.148,0.59592,14.989,39.982
3.1248e+05,0.87294,3.2739,0.1875,0.00355,2132.8,209.8,12.247,11.388,142.28,11.984,40,0.99999,8.0004,1.0929,70.073,3.7933,2.8609,1.0761,106.46,5.1481,0.99996,1,2.994,5.0229,1.2111,1.2111,0.0017531,0.18747,-2.1719e-09,0.1875,72.153,0.07135,36.293,51.61,0.12868,95.408,0.72179,0.0070157,0.99996,87.903,62.505,16.476,0.0017529,0.37794,35.887,5.1481,0.59592,14.99,39.984
3.2256e+05,0.87296,3.2739,0.1875,0.00355,2133.1,209.93,12.249,11.388,142.28,11.984,40,0.99999,8.0004,1.093,70.075,3.7933,2.8609,1.0762,106.47,5.1482,0.99996,1,2.9958,5.0229,1.2111,1.2111,0.0017548,0.18747,-2.0322e-09,0.1875,72.153,0.071351,36.297,51.61,0.12868,95.407,0.7218,0.0070148,0.99997,87.907,62.506,16.477,0.0017545,0.37796,35.889,5.1482,0.59591,14.992,39.987
3.3264e+05,0.87298,3.2739,0.1875,0.00355,2133.3,210.05,12.25,11.388,142.28,11.984,40,0.99999,8.0004,1.0932,70.077,3.7932,2.8609,1.0762,106.47,5.1483,0.99996,1,2.9975,5.0229,1.2112,1.2112,0.0017563,0.18748,-1.9035e-09,0.1875,72.153,0.071352,36.3,51.61,0.12868,95.406,0.72181,0.007014,0.99997,87.91,62.507,16.477,0.0017561,0.37798,35.891,5.1483,0.5959,14.994,39.989
3.4272e+05,0.873,3.2739,0.1875,0.00355,2133.6,210.17,12.251,11.388,142.28,11.984,40,0.99999,8.0004,1.0933,70.078,3.7932,2.8609,1.0763,106.48,5.1484,0.99996,1,2.9991,5.0228,1.2112,1.2112,0.0017577,0.18748,-1.7845e-09,0.1875,72.153,0.071354,36.303,51.61,0.12869,95.406,0.72182,0.0070133,0.99997,87.913,62.508,16.477,0.0017575,0.378,35.892,5.1484,0.59589,14.995,39.991
3.528e+05,0.87301,3.2739,0.1875,0.00355,2133.8,210.28,12.252,11.388,142.28,11.984,40,0.99999,8.0004,1.0934,70.08,3.7932,2.8609,1.0763,106.48,5.1484,0.99997,1,3.0006,5.0228,1.2112,1.2112,0.001759,0.18748,-1.6744e-09,0.1875,72.153,0.071355,36.306,51.61,0.12869,95.405,0.72182,0.0070126,0.99997,87.916,62.509,16.477,0.0017588,0.37801,35.894,5.1484,0.59589,14.997,39.993
3.6288e+05,0.87303,3.2739,0.1875,0.00355,2134,210.39,12.253,11.388,142.28,11.984,40,0.99999,8.0004,1.0936,70.081,3.7931,2.8609,1.0764,106.49,5.1485,0.99997,1,3.002,5.0228,1.2112,1.2112,0.0017602,0.18748,-1.5722e-09,0.1875,72.152,0.071356,36.308,51.61,0.12869,95.405,0.72183,0.0070119,0.99997,87.918,62.51,16.478,0.00176,0.37803,35.896,5.1485,0.59588,14.998,39.995
3.7296e+05,0.87304,3.2739,0.1875,0.00355,2134.2,210.49,12.254,11.388,142.28,11.984,40,0.99999,8.0004,1.0937,70.082,3.7931,2.8609,1.0764,106.49,5.1486,0.99997,1,3.0034,5.0228,1.2112,1.2112,0.0017612,0.18748,-1.4772e-09,0.1875,72.152,0.071357,36.311,51.61,0.12869,95.405,0.72183,0.0070112,0.99998,87.921,62.511,16.478,0.0017611,0.37804,35.897,5.1486,0.59588,15,39.997
3.8304e+05,0.87306,3.2739,0.1875,0.00355,2134.4,210.58,12.255,11.388,142.28,11.984,40,0.99999,8.0004,1.0938,70.084,3.7931,2.8609,1.0765,106.49,5.1486,0.99997,1,3.0047,5.0228,1.2112,1.2112,0.0017622,0.18748,-1.3888e-09,0.1875,72.152,0.071358,36.313,51.61,0.12869,95.404,0.72183,0.0070106,0.99998,87.923,62.512,16.478,0.0017621,0.37806,35.898,5.1486,0.59587,15.001,39.999
